client_id,country,country_risk,is_pep,sector,transaction_volume,account_age_years,nb_transactions_30d,avg_transaction_amount,nb_countries_involved,cash_ratio,adverse_media_score,beneficial_owner_complexity,source_of_wealth_verified,risk_label
CLT0001,Singapore,Medium,0,Real Estate,92762.03,2,38,203.43,8,0.096,0,2,1,2
CLT0002,UAE,Medium,1,Mining,230774.76,3,64,300.49,10,0.214,0,2,0,2
CLT0003,USA,Low,0,Healthcare,1133745.04,26,87,1085.96,11,0.226,0,0,1,0
CLT0004,UK,Low,0,Finance,324823.54,24,89,304.14,5,0.75,0,1,1,0
CLT0005,Panama,High,0,Technology,30580.82,30,7,364.06,5,0.511,0,0,1,0
CLT0006,Singapore,Medium,0,Retail,8833.02,22,22,33.46,2,0.107,0,0,1,0
CLT0007,China,Medium,0,Mining,57227.14,10,81,58.88,7,0.345,0,1,1,1
CLT0008,France,Low,0,Healthcare,25551.25,9,82,25.97,13,0.315,0,0,1,0
CLT0009,Singapore,Medium,0,Technology,6082.79,26,41,12.36,8,0.109,2,0,0,1
CLT0010,USA,Low,1,Construction,85938.53,20,74,96.78,10,0.389,0,0,1,1
CLT0011,USA,Low,1,Trading,89217.23,8,10,743.48,13,0.32,0,0,1,2
CLT0012,UK,Low,0,Energy,850581.11,10,57,1243.54,1,0.133,1,0,1,0
CLT0013,Panama,High,1,Legal,34799.4,19,7,414.28,2,0.181,1,0,0,2
CLT0014,UAE,Medium,0,Technology,91142.74,3,50,151.9,10,0.238,0,0,1,0
CLT0015,UK,Low,1,Finance,22065.53,24,91,20.21,4,0.529,0,0,0,0
CLT0016,UK,Low,0,Finance,221849.42,5,52,355.53,5,0.131,0,1,0,1
CLT0017,France,Low,0,Technology,49665.87,3,33,125.42,13,0.611,0,0,1,0
CLT0018,Cayman Islands,High,0,Finance,10312.51,26,1,859.38,2,0.49,0,1,1,1
CLT0019,Panama,High,0,Trading,58676.36,27,53,92.26,1,0.328,0,1,1,1
CLT0020,Germany,Low,0,Finance,107557.87,16,60,149.39,9,0.065,0,1,1,0
CLT0021,UK,Low,0,Mining,87808.19,17,34,215.22,14,0.335,0,1,1,1
CLT0022,Luxembourg,Low,0,Energy,287461.75,15,4,5988.79,1,0.371,0,0,1,0
CLT0023,Cayman Islands,High,0,Finance,6822.05,3,17,33.44,13,0.056,3,0,1,2
CLT0024,Germany,Low,1,Energy,16913.82,12,4,352.37,4,0.074,3,0,1,1
CLT0025,Luxembourg,Low,0,Healthcare,156323.21,9,43,302.95,2,0.408,0,2,1,0
CLT0026,Panama,High,0,Real Estate,20172.92,21,90,18.68,11,0.307,0,0,1,1
CLT0027,Switzerland,Low,0,Trading,85880.05,12,4,1789.17,4,0.365,0,0,1,0
CLT0028,Luxembourg,Low,0,Real Estate,1588.24,26,1,132.35,8,0.225,0,0,0,0
CLT0029,China,Medium,0,Healthcare,3519818.06,15,71,4131.24,8,0.41,0,2,1,1
CLT0030,Cayman Islands,High,0,Trading,39951.53,2,94,35.42,11,0.433,0,0,0,2
CLT0031,Luxembourg,Low,0,Technology,358948.57,23,50,598.25,12,0.109,0,0,0,0
CLT0032,Russia,High,0,Technology,36121.85,18,73,41.23,9,0.617,0,0,0,2
CLT0033,Switzerland,Low,1,Energy,111529.88,20,61,152.36,13,0.224,0,2,1,2
CLT0034,USA,Low,0,Healthcare,561226.29,12,35,1336.25,11,0.371,0,0,1,0
CLT0035,USA,Low,0,Energy,344107.38,23,8,3584.45,12,0.348,0,0,1,0
CLT0036,China,Medium,0,Legal,44060.44,4,24,152.99,5,0.329,0,1,1,1
CLT0037,Luxembourg,Low,0,Finance,48879.75,23,83,49.08,7,0.393,0,0,1,0
CLT0038,Luxembourg,Low,0,Retail,269776.7,16,36,624.48,3,0.215,0,1,1,0
CLT0039,France,Low,0,Legal,1982494.79,23,50,3304.16,10,0.303,0,0,1,0
CLT0040,Luxembourg,Low,0,Finance,79891.44,16,43,154.83,4,0.551,0,0,1,0
CLT0041,Singapore,Medium,0,Trading,1127592.58,1,27,3480.22,10,0.153,0,1,1,2
CLT0042,UAE,Medium,0,Energy,41684.24,22,32,108.55,9,0.629,0,2,1,1
CLT0043,Russia,High,0,Trading,249681.29,25,78,266.75,10,0.353,0,0,1,1
CLT0044,France,Low,0,Trading,312304.4,2,18,1445.85,10,0.363,0,0,0,1
CLT0045,Panama,High,0,Finance,32372.33,30,28,96.35,14,0.199,0,1,1,2
CLT0046,France,Low,0,Healthcare,19523.67,3,29,56.1,12,0.297,1,0,1,0
CLT0047,Singapore,Medium,0,Finance,333728.74,26,16,1738.17,1,0.323,2,2,1,1
CLT0048,Panama,High,0,Construction,26974.97,21,99,22.71,2,0.456,3,2,1,2
CLT0049,Russia,High,0,Technology,15653.9,25,47,27.76,5,0.032,0,0,1,0
CLT0050,Singapore,Medium,1,Technology,21462.46,20,59,30.31,3,0.071,3,2,1,2
CLT0051,Germany,Low,0,Legal,26811.33,17,31,72.07,2,0.074,0,0,1,0
CLT0052,UAE,Medium,0,Technology,216409.05,20,4,4508.52,1,0.44,0,1,0,0
CLT0053,Russia,High,1,Finance,129646.14,22,37,292.0,10,0.129,0,0,1,2
CLT0054,Luxembourg,Low,1,Mining,175165.65,21,17,858.66,3,0.128,2,1,1,2
CLT0055,Germany,Low,0,Energy,112653.24,30,39,240.71,1,0.323,0,1,0,0
CLT0056,China,Medium,0,Finance,24568.98,29,48,42.65,12,0.21,1,1,1,2
CLT0057,Russia,High,1,Finance,170357.47,1,46,308.62,1,0.213,0,2,1,2
CLT0058,China,Medium,0,Retail,352808.52,20,90,326.67,12,0.723,0,0,0,1
CLT0059,Panama,High,0,Energy,143882.87,6,48,249.8,1,0.151,0,0,1,1
CLT0060,Germany,Low,0,Construction,117534.11,29,39,251.14,8,0.09,0,1,1,0
CLT0061,UAE,Medium,0,Technology,18947.33,15,4,394.74,3,0.188,0,1,1,0
CLT0062,Luxembourg,Low,0,Energy,82267.02,26,30,228.52,11,0.566,0,2,0,1
CLT0063,Luxembourg,Low,0,Technology,17494.43,26,30,48.6,1,0.132,0,2,1,0
CLT0064,Singapore,Medium,0,Legal,57754.6,14,22,218.77,7,0.088,0,0,1,0
CLT0065,Luxembourg,Low,0,Energy,5113.3,20,75,5.68,10,0.149,0,0,0,0
CLT0066,UK,Low,0,Technology,5172.76,15,66,6.53,3,0.416,1,0,0,0
CLT0067,France,Low,0,Construction,44955.5,14,12,312.19,8,0.223,0,1,1,0
CLT0068,Switzerland,Low,1,Real Estate,26300.43,25,94,23.32,4,0.314,0,0,1,0
CLT0069,UAE,Medium,0,Trading,70275.66,21,36,162.68,4,0.292,0,1,0,1
CLT0070,Germany,Low,0,Trading,48915.38,24,18,226.46,5,0.203,0,0,1,0
CLT0071,UK,Low,0,Construction,62647.95,25,90,58.01,6,0.441,2,0,1,1
CLT0072,UAE,Medium,0,Retail,149180.34,26,53,234.56,7,0.313,2,0,1,1
CLT0073,Germany,Low,0,Real Estate,29884.54,5,71,35.08,14,0.317,0,0,0,2
CLT0074,Cayman Islands,High,1,Legal,43080.87,6,1,3590.07,14,0.363,0,1,1,2
CLT0075,Cayman Islands,High,0,Construction,531007.72,17,58,762.94,4,0.475,2,0,0,2
CLT0076,China,Medium,0,Trading,60151.77,11,90,55.7,8,0.153,2,0,1,2
CLT0077,UAE,Medium,0,Trading,45760.85,16,87,43.83,13,0.371,2,0,1,2
CLT0078,Cayman Islands,High,0,Trading,67762.83,12,90,62.74,6,0.094,1,1,1,2
CLT0079,Germany,Low,0,Healthcare,47002.38,15,6,652.81,14,0.212,0,1,1,0
CLT0080,China,Medium,0,Construction,20653.53,23,70,24.59,1,0.051,0,0,1,0
CLT0081,Luxembourg,Low,0,Finance,13399.27,4,44,25.38,1,0.461,0,1,1,0
CLT0082,Germany,Low,0,Legal,19050.58,27,72,22.05,9,0.242,0,0,0,0
CLT0083,China,Medium,0,Trading,221766.16,18,24,770.02,10,0.45,0,0,1,1
CLT0084,UAE,Medium,0,Technology,23275.16,21,86,22.55,6,0.17,0,1,0,0
CLT0085,UK,Low,0,Construction,47458.6,28,19,208.15,10,0.29,0,0,1,0
CLT0086,Singapore,Medium,0,Healthcare,171288.48,3,18,793.0,8,0.383,0,1,1,1
CLT0087,Luxembourg,Low,0,Construction,39435.17,22,95,34.59,13,0.166,0,0,1,0
CLT0088,Russia,High,0,Legal,154823.64,8,30,430.07,7,0.255,0,2,1,2
CLT0089,UK,Low,0,Healthcare,5936.12,23,42,11.78,12,0.267,0,0,1,0
CLT0090,Panama,High,1,Legal,49080.89,3,33,123.94,6,0.253,1,0,1,2
CLT0091,Germany,Low,0,Construction,67396.22,8,74,75.9,4,0.428,1,2,1,1
CLT0092,Panama,High,0,Finance,61988.74,18,12,430.48,7,0.241,0,0,0,1
CLT0093,UK,Low,0,Legal,5017.17,10,94,4.45,9,0.1,0,0,1,0
CLT0094,China,Medium,1,Healthcare,363912.59,25,27,1123.19,14,0.453,0,0,1,1
CLT0095,Russia,High,0,Healthcare,16613.83,20,39,35.5,11,0.31,0,0,1,1
CLT0096,Luxembourg,Low,0,Legal,98968.38,17,9,916.37,10,0.647,0,0,0,1
CLT0097,Luxembourg,Low,0,Mining,60593.71,8,21,240.45,10,0.337,0,0,1,0
CLT0098,Luxembourg,Low,0,Construction,269834.55,23,76,295.87,14,0.368,2,1,1,2
CLT0099,Russia,High,0,Mining,1593165.13,11,29,4578.06,7,0.475,0,0,0,2
CLT0100,Switzerland,Low,0,Retail,8642.55,29,33,21.82,1,0.236,0,1,0,0
CLT0101,Russia,High,0,Construction,22620.89,5,62,30.4,10,0.186,0,0,1,1
CLT0102,Singapore,Medium,0,Legal,79510.05,26,15,441.72,9,0.122,0,0,1,0
CLT0103,Russia,High,0,Real Estate,11406.86,13,2,475.29,13,0.195,0,0,1,2
CLT0104,UK,Low,0,Legal,193546.66,21,52,310.17,4,0.297,2,0,0,1
CLT0105,Switzerland,Low,0,Mining,212152.14,23,44,401.8,3,0.07,0,0,1,0
CLT0106,Luxembourg,Low,0,Finance,138575.92,5,54,213.85,4,0.497,0,0,1,0
CLT0107,UK,Low,0,Legal,85380.47,24,18,395.28,4,0.328,0,0,1,0
CLT0108,UK,Low,0,Legal,467223.57,27,3,12978.43,13,0.129,0,0,1,0
CLT0109,USA,Low,0,Finance,10578.32,13,7,125.93,10,0.164,0,0,1,0
CLT0110,France,Low,0,Legal,66032.5,6,43,127.97,11,0.255,0,0,1,0
CLT0111,Switzerland,Low,0,Trading,19767.52,29,82,20.09,2,0.165,0,1,1,0
CLT0112,UK,Low,0,Real Estate,227492.94,5,38,498.89,14,0.311,0,0,1,1
CLT0113,France,Low,0,Technology,3827.58,9,37,8.62,12,0.183,2,0,1,1
CLT0114,France,Low,0,Real Estate,57404.28,27,58,82.48,14,0.555,0,0,1,1
CLT0115,Switzerland,Low,0,Legal,98998.31,16,33,250.0,1,0.488,0,0,1,0
CLT0116,USA,Low,0,Trading,14454.51,2,59,20.42,12,0.291,0,0,1,1
CLT0117,Panama,High,0,Construction,23405.23,1,95,20.53,10,0.283,0,2,1,2
CLT0118,China,Medium,0,Legal,61271.4,8,11,464.18,12,0.541,0,1,0,2
CLT0119,Singapore,Medium,1,Mining,250858.56,28,68,307.42,1,0.117,0,1,1,1
CLT0120,China,Medium,0,Trading,12717.02,19,82,12.92,13,0.252,0,1,0,2
CLT0121,Russia,High,0,Finance,16519.97,30,68,20.25,14,0.307,0,0,1,1
CLT0122,Luxembourg,Low,0,Trading,323962.05,11,98,275.48,8,0.23,0,0,0,0
CLT0123,Singapore,Medium,0,Finance,39756.83,28,93,35.62,14,0.499,0,1,1,1
CLT0124,Russia,High,0,Retail,18651.68,12,88,17.66,2,0.048,0,0,1,0
CLT0125,UK,Low,1,Technology,178622.01,12,22,676.6,12,0.727,1,0,1,2
CLT0126,Luxembourg,Low,0,Energy,28787.73,7,66,36.35,10,0.127,3,1,1,2
CLT0127,Germany,Low,0,Trading,279604.76,26,44,529.55,5,0.369,0,1,1,0
CLT0128,Switzerland,Low,0,Healthcare,22124.03,13,6,307.28,12,0.228,0,0,1,0
CLT0129,Singapore,Medium,0,Mining,47127.32,27,42,93.51,4,0.246,1,0,1,1
CLT0130,Singapore,Medium,0,Legal,247077.54,8,25,823.59,8,0.196,0,1,1,1
CLT0131,UK,Low,0,Mining,42642.59,29,57,62.34,2,0.092,0,1,0,0
CLT0132,Panama,High,1,Real Estate,186107.54,29,85,182.46,10,0.214,2,1,1,2
CLT0133,France,Low,0,Energy,54267.38,22,55,82.22,9,0.157,0,2,1,1
CLT0134,Luxembourg,Low,0,Real Estate,1170027.38,28,16,6093.89,7,0.523,3,0,1,2
CLT0135,UK,Low,0,Retail,629806.5,26,95,552.46,13,0.443,1,0,1,0
CLT0136,Cayman Islands,High,0,Energy,8166.99,30,14,48.61,7,0.051,0,0,1,0
CLT0137,USA,Low,0,Energy,131054.1,9,39,280.03,1,0.383,1,0,1,0
CLT0138,France,Low,0,Real Estate,17595.42,7,28,52.37,14,0.191,0,2,1,1
CLT0139,Switzerland,Low,0,Finance,79798.53,26,96,69.27,12,0.437,0,2,1,1
CLT0140,France,Low,0,Real Estate,66340.51,21,92,60.09,2,0.004,2,0,1,0
CLT0141,Panama,High,0,Mining,12294.65,24,51,20.09,4,0.078,0,0,1,0
CLT0142,France,Low,1,Finance,292941.09,15,49,498.2,4,0.271,2,0,1,1
CLT0143,Switzerland,Low,0,Mining,81223.06,2,9,752.07,11,0.403,2,1,1,2
CLT0144,Panama,High,0,Retail,39064.74,23,58,56.13,14,0.214,3,0,1,2
CLT0145,China,Medium,0,Legal,31033.89,20,45,57.47,3,0.372,1,0,0,1
CLT0146,Singapore,Medium,0,Construction,73840.71,25,22,279.7,7,0.562,0,0,0,1
CLT0147,Singapore,Medium,0,Finance,110402.44,12,32,287.51,12,0.16,0,0,1,1
CLT0148,USA,Low,0,Retail,49639.21,1,69,59.95,8,0.062,1,2,1,1
CLT0149,Russia,High,0,Healthcare,855.1,23,87,0.82,2,0.208,0,0,1,0
CLT0150,China,Medium,0,Retail,61410.5,22,69,74.17,4,0.425,0,0,0,0
CLT0151,China,Medium,0,Real Estate,6889.66,8,42,13.67,14,0.261,0,0,1,1
CLT0152,Luxembourg,Low,0,Real Estate,43731.38,5,53,68.76,3,0.119,2,0,0,1
CLT0153,France,Low,0,Construction,7281.95,15,96,6.32,2,0.506,2,1,1,0
CLT0154,Singapore,Medium,0,Retail,7152.76,1,59,10.1,12,0.284,0,0,1,1
CLT0155,Switzerland,Low,0,Technology,381811.66,1,74,429.97,13,0.204,0,0,1,0
CLT0156,UAE,Medium,0,Legal,37044.01,25,39,79.15,14,0.415,0,1,1,1
CLT0157,UAE,Medium,0,Real Estate,33024.56,10,15,183.47,6,0.314,0,0,1,1
CLT0158,Panama,High,0,Construction,123474.02,22,71,144.92,13,0.299,0,1,1,2
CLT0159,Singapore,Medium,1,Legal,34341.65,10,29,98.68,4,0.074,0,0,1,1
CLT0160,Singapore,Medium,1,Retail,1405226.61,21,3,39034.07,6,0.508,0,0,0,1
CLT0161,USA,Low,0,Retail,39754.18,15,83,39.91,2,0.261,0,1,0,0
CLT0162,UAE,Medium,0,Energy,103537.39,17,10,862.81,12,0.178,0,1,1,1
CLT0163,Singapore,Medium,1,Construction,256892.25,22,92,232.69,4,0.276,0,0,0,1
CLT0164,USA,Low,0,Real Estate,662237.7,6,29,1902.98,11,0.204,3,0,0,2
CLT0165,France,Low,0,Technology,19672.77,3,79,20.75,6,0.736,0,0,1,0
CLT0166,Cayman Islands,High,1,Retail,31986.04,13,35,76.16,14,0.192,0,0,1,1
CLT0167,Luxembourg,Low,0,Technology,405099.43,16,6,5626.38,5,0.31,0,0,1,0
CLT0168,Germany,Low,0,Retail,201812.32,8,12,1401.47,3,0.142,0,1,1,0
CLT0169,China,Medium,0,Real Estate,300368.07,30,38,658.7,8,0.327,0,0,0,1
CLT0170,Russia,High,0,Legal,7684.37,15,77,8.32,7,0.196,0,0,1,1
CLT0171,Panama,High,0,Trading,610479.28,17,93,547.02,3,0.272,0,0,0,2
CLT0172,Cayman Islands,High,0,Legal,19108.5,17,19,83.81,6,0.238,0,0,1,1
CLT0173,Luxembourg,Low,0,Retail,79892.68,22,67,99.37,4,0.451,1,1,0,0
CLT0174,Luxembourg,Low,0,Mining,47938.09,26,8,499.36,11,0.32,0,0,1,0
CLT0175,Luxembourg,Low,0,Trading,16030.94,13,8,166.99,5,0.141,0,0,1,0
CLT0176,Luxembourg,Low,0,Trading,7195.39,17,84,7.14,11,0.571,1,2,0,2
CLT0177,UAE,Medium,1,Technology,4377.48,6,47,7.76,5,0.287,0,0,1,0
CLT0178,USA,Low,0,Construction,71576.9,17,4,1491.19,7,0.214,1,0,0,1
CLT0179,China,Medium,0,Technology,6075.51,16,51,9.93,11,0.538,2,0,1,1
CLT0180,Singapore,Medium,1,Technology,10930.11,14,85,10.72,5,0.469,0,2,1,1
CLT0181,Luxembourg,Low,0,Mining,43171.95,13,67,53.7,11,0.334,2,2,0,2
CLT0182,Russia,High,0,Legal,1143.43,6,45,2.12,3,0.184,1,0,1,1
CLT0183,Singapore,Medium,0,Legal,192619.03,3,8,2006.45,10,0.343,2,0,0,2
CLT0184,Switzerland,Low,0,Healthcare,1611.9,14,87,1.54,5,0.109,0,2,1,0
CLT0185,Switzerland,Low,0,Retail,53313.32,14,16,277.67,7,0.33,0,0,1,0
CLT0186,Russia,High,0,Mining,61238.35,15,77,66.28,5,0.143,2,0,1,2
CLT0187,USA,Low,0,Healthcare,134200.82,8,67,166.92,5,0.294,0,1,1,0
CLT0188,Russia,High,0,Real Estate,56245.36,29,9,520.79,9,0.436,0,0,1,1
CLT0189,UAE,Medium,0,Retail,1235346.36,15,60,1715.76,3,0.515,0,0,1,0
CLT0190,Russia,High,0,Retail,82824.18,22,78,88.49,13,0.334,0,1,1,1
CLT0191,France,Low,0,Energy,290808.02,29,77,314.73,6,0.346,0,0,0,0
CLT0192,Singapore,Medium,0,Energy,20227.65,27,71,23.74,1,0.42,1,0,1,0
CLT0193,Cayman Islands,High,0,Finance,71763.78,13,15,398.69,10,0.346,2,0,1,2
CLT0194,UK,Low,0,Finance,610085.96,17,71,716.06,5,0.444,0,0,1,0
CLT0195,USA,Low,0,Technology,41917.44,21,98,35.64,8,0.44,3,0,0,2
CLT0196,Russia,High,0,Real Estate,79885.7,24,41,162.37,5,0.143,2,0,0,2
CLT0197,Panama,High,0,Trading,260740.3,3,22,987.65,9,0.146,0,1,1,2
CLT0198,Switzerland,Low,0,Trading,19666.18,28,24,68.29,11,0.083,0,1,1,0
CLT0199,France,Low,0,Energy,2339.42,6,44,4.43,6,0.217,1,0,1,0
CLT0200,China,Medium,0,Energy,87847.75,5,1,7320.65,8,0.518,0,1,0,2
CLT0201,Luxembourg,Low,0,Energy,263815.1,22,10,2198.46,10,0.349,1,1,1,1
CLT0202,UK,Low,0,Mining,7885.9,26,80,8.21,8,0.408,1,1,1,1
CLT0203,USA,Low,0,Construction,163624.57,17,72,189.38,13,0.116,0,0,0,1
CLT0204,Cayman Islands,High,0,Finance,165288.81,23,56,245.97,3,0.407,0,1,0,1
CLT0205,UK,Low,0,Mining,1977.83,25,89,1.85,7,0.191,0,0,1,0
CLT0206,Russia,High,1,Legal,14699.47,2,50,24.5,14,0.421,0,0,1,2
CLT0207,UAE,Medium,0,Trading,33065.87,26,12,229.62,7,0.143,0,0,1,0
CLT0208,Switzerland,Low,0,Retail,45732.48,15,89,42.82,14,0.113,1,1,1,1
CLT0209,Switzerland,Low,1,Finance,19639.51,5,81,20.21,10,0.463,0,0,1,1
CLT0210,China,Medium,0,Healthcare,18115.0,26,60,25.16,12,0.405,3,0,0,2
CLT0211,UAE,Medium,1,Legal,734705.0,20,26,2354.82,6,0.077,0,1,1,2
CLT0212,Luxembourg,Low,0,Finance,50953.12,6,78,54.44,12,0.203,1,1,1,1
CLT0213,Singapore,Medium,0,Mining,21108.57,6,41,42.9,7,0.059,0,1,1,1
CLT0214,Germany,Low,0,Real Estate,56288.51,27,36,130.3,14,0.335,3,0,0,2
CLT0215,France,Low,0,Retail,134005.52,18,23,485.53,2,0.207,1,0,1,0
CLT0216,Switzerland,Low,0,Finance,64695.02,18,43,125.38,9,0.224,0,1,1,0
CLT0217,Panama,High,0,Construction,43976.41,4,6,610.78,10,0.44,3,0,1,2
CLT0218,Switzerland,Low,0,Energy,22583.5,17,69,27.27,10,0.059,0,1,1,0
CLT0219,UK,Low,0,Energy,22176.84,25,43,42.98,1,0.063,0,0,1,0
CLT0220,Switzerland,Low,1,Retail,24423.17,14,25,81.41,1,0.354,0,2,1,0
CLT0221,USA,Low,0,Mining,99530.75,14,18,460.79,3,0.032,2,0,1,1
CLT0222,Switzerland,Low,0,Energy,13476.87,13,62,18.11,14,0.105,0,0,1,0
CLT0223,Germany,Low,0,Finance,108001.87,7,13,692.32,3,0.311,0,1,0,0
CLT0224,Germany,Low,1,Healthcare,498566.44,12,43,966.21,1,0.056,1,0,1,1
CLT0225,Luxembourg,Low,0,Trading,97593.0,23,78,104.27,12,0.3,1,0,1,1
CLT0226,Cayman Islands,High,0,Trading,34393.46,15,28,102.36,7,0.404,0,1,1,2
CLT0227,Singapore,Medium,1,Legal,8542.51,19,18,39.55,4,0.327,0,0,1,1
CLT0228,Panama,High,1,Technology,638680.89,11,59,902.09,10,0.193,0,0,1,2
CLT0229,Switzerland,Low,0,Real Estate,10352.4,15,60,14.38,13,0.158,1,0,0,1
CLT0230,Switzerland,Low,0,Retail,213810.0,12,63,282.82,2,0.397,1,0,1,0
CLT0231,France,Low,0,Legal,156025.82,3,57,228.11,10,0.241,0,0,1,1
CLT0232,Germany,Low,0,Technology,41975.74,17,92,38.02,5,0.203,0,1,1,0
CLT0233,Panama,High,0,Mining,40357.47,3,51,65.94,6,0.321,0,1,1,2
CLT0234,Luxembourg,Low,0,Construction,3814.0,19,56,5.68,9,0.207,1,0,1,0
CLT0235,China,Medium,0,Construction,98233.0,20,27,303.19,4,0.05,0,0,1,0
CLT0236,Cayman Islands,High,0,Real Estate,151734.79,4,32,395.14,2,0.535,0,2,1,2
CLT0237,Singapore,Medium,1,Energy,11688.72,3,9,108.23,5,0.512,0,2,1,2
CLT0238,UAE,Medium,0,Finance,47394.8,26,96,41.14,3,0.614,0,0,1,0
CLT0239,Singapore,Medium,0,Legal,63372.98,16,84,62.87,2,0.187,0,1,0,0
CLT0240,USA,Low,1,Legal,143897.85,12,92,130.34,12,0.642,0,1,1,2
CLT0241,UK,Low,0,Retail,60216.68,8,97,51.73,1,0.385,2,0,1,0
CLT0242,USA,Low,0,Retail,5221.4,24,68,6.4,10,0.104,0,0,1,0
CLT0243,Switzerland,Low,0,Construction,27040.56,29,46,48.99,2,0.458,0,0,1,0
CLT0244,Cayman Islands,High,0,Construction,83862.91,29,98,71.31,6,0.658,2,1,1,2
CLT0245,UK,Low,0,Healthcare,211566.05,17,67,263.14,8,0.543,0,1,0,0
CLT0246,Panama,High,0,Healthcare,23707.46,7,26,75.99,13,0.364,0,1,1,2
CLT0247,UAE,Medium,0,Energy,1593550.04,11,8,16599.48,3,0.208,0,0,1,0
CLT0248,Germany,Low,0,Healthcare,3492.21,18,6,48.5,11,0.493,1,1,1,0
CLT0249,Cayman Islands,High,0,Finance,25705.23,1,80,26.78,9,0.052,0,1,1,2
CLT0250,Cayman Islands,High,1,Finance,52862.51,3,24,183.55,12,0.152,1,1,1,2
CLT0251,USA,Low,0,Legal,44306.04,4,48,76.92,9,0.107,0,0,1,0
CLT0252,Switzerland,Low,1,Trading,9431.27,13,94,8.36,2,0.222,0,1,0,1
CLT0253,Russia,High,0,Finance,117218.22,6,45,217.07,8,0.373,1,0,1,2
CLT0254,Luxembourg,Low,0,Technology,104468.52,26,13,669.67,10,0.247,3,1,0,2
CLT0255,USA,Low,0,Construction,64340.35,14,69,77.71,11,0.115,0,1,1,0
CLT0256,Cayman Islands,High,1,Retail,98495.47,5,25,328.32,12,0.067,1,0,1,2
CLT0257,France,Low,0,Healthcare,31708.35,16,20,132.12,5,0.268,0,1,1,0
CLT0258,UAE,Medium,0,Legal,5292.02,15,82,5.38,4,0.32,0,0,1,0
CLT0259,Luxembourg,Low,0,Real Estate,20435.73,15,82,20.77,10,0.177,0,1,0,1
CLT0260,USA,Low,0,Retail,75779.41,30,66,95.68,5,0.387,0,0,0,0
CLT0261,UAE,Medium,0,Technology,76428.93,4,74,86.07,4,0.082,0,1,0,0
CLT0262,France,Low,0,Healthcare,63708.2,8,45,117.98,8,0.634,0,2,0,1
CLT0263,China,Medium,0,Technology,136361.18,27,47,241.78,4,0.575,0,0,0,0
CLT0264,France,Low,0,Construction,25041.28,16,63,33.12,13,0.243,0,0,1,0
CLT0265,France,Low,0,Construction,62319.0,28,76,68.33,10,0.355,2,0,1,1
CLT0266,UAE,Medium,0,Energy,141229.17,16,77,152.85,12,0.294,3,0,1,2
CLT0267,Singapore,Medium,0,Legal,52715.52,30,55,79.87,13,0.288,1,0,1,1
CLT0268,UAE,Medium,1,Retail,9274.41,4,75,10.3,14,0.183,0,1,0,2
CLT0269,Russia,High,0,Mining,14154.21,13,19,62.08,6,0.106,0,2,1,2
CLT0270,Switzerland,Low,0,Mining,208205.01,26,35,495.73,2,0.289,1,1,1,1
CLT0271,UK,Low,0,Retail,483452.45,28,53,760.15,5,0.129,3,0,1,1
CLT0272,Singapore,Medium,0,Real Estate,349034.02,13,26,1118.7,6,0.29,0,1,1,1
CLT0273,Germany,Low,0,Legal,84815.53,2,14,504.85,5,0.323,1,1,1,1
CLT0274,UK,Low,0,Technology,9850.73,3,45,18.24,12,0.308,3,0,0,2
CLT0275,Switzerland,Low,0,Real Estate,59306.41,22,44,112.32,2,0.156,2,0,1,1
CLT0276,USA,Low,0,Trading,623673.76,8,88,590.6,14,0.432,0,0,0,2
CLT0277,Luxembourg,Low,0,Retail,151407.87,24,65,194.11,7,0.36,0,1,0,0
CLT0278,Russia,High,0,Technology,43861.13,15,51,71.67,4,0.191,0,0,0,1
CLT0279,Russia,High,0,Mining,153727.66,11,43,297.92,8,0.168,0,1,1,2
CLT0280,Germany,Low,0,Finance,8918.72,9,86,8.64,7,0.518,0,0,1,0
CLT0281,Singapore,Medium,0,Energy,21088.71,7,23,76.41,7,0.256,0,2,0,1
CLT0282,China,Medium,0,Mining,11774.75,13,56,17.52,9,0.256,1,0,1,2
CLT0283,France,Low,0,Legal,121098.28,2,19,531.13,1,0.026,0,1,1,0
CLT0284,Singapore,Medium,0,Construction,174757.62,8,82,177.6,10,0.415,0,0,1,1
CLT0285,Luxembourg,Low,0,Finance,47536.87,7,76,52.12,6,0.569,0,0,1,0
CLT0286,China,Medium,0,Energy,16165.03,24,55,24.49,6,0.236,0,1,1,0
CLT0287,Russia,High,0,Energy,58126.47,12,92,52.65,6,0.047,1,2,1,2
CLT0288,UAE,Medium,0,Trading,28857.64,19,92,26.14,13,0.202,0,0,1,1
CLT0289,Luxembourg,Low,0,Trading,18137.63,7,60,25.19,12,0.33,1,0,1,1
CLT0290,Switzerland,Low,0,Healthcare,99557.49,10,59,140.62,6,0.34,0,0,1,0
CLT0291,Germany,Low,0,Mining,19206.65,29,33,48.5,12,0.292,0,0,1,0
CLT0292,Switzerland,Low,0,Mining,5712.86,25,19,25.06,10,0.11,1,0,1,1
CLT0293,Luxembourg,Low,1,Mining,7973.1,16,28,23.73,7,0.432,0,1,0,1
CLT0294,Panama,High,0,Healthcare,5405.16,3,52,8.66,14,0.193,0,2,1,2
CLT0295,Panama,High,0,Real Estate,86791.84,30,49,147.61,10,0.07,0,0,0,2
CLT0296,USA,Low,0,Energy,75027.36,10,37,168.98,6,0.324,0,0,1,0
CLT0297,Singapore,Medium,0,Finance,69618.12,6,26,223.14,1,0.139,0,0,1,0
CLT0298,Russia,High,0,Legal,144581.33,18,99,121.7,3,0.157,1,0,1,1
CLT0299,Russia,High,0,Energy,357874.73,18,98,304.32,2,0.129,0,0,1,1
CLT0300,France,Low,1,Trading,24627.04,5,99,20.73,6,0.126,3,0,1,2
CLT0301,France,Low,0,Technology,110162.98,21,40,229.51,8,0.21,0,0,1,0
CLT0302,France,Low,0,Construction,5600.31,29,80,5.83,3,0.177,0,0,1,0
CLT0303,UAE,Medium,1,Healthcare,473574.55,7,38,1038.54,10,0.091,0,0,0,2
CLT0304,UK,Low,0,Retail,9253.46,28,77,10.01,8,0.095,0,0,1,0
CLT0305,Cayman Islands,High,1,Technology,20637.77,2,87,19.77,8,0.358,0,0,1,2
CLT0306,UK,Low,0,Legal,24426.79,11,54,37.7,5,0.168,0,1,1,0
CLT0307,Switzerland,Low,0,Mining,6066.84,30,22,22.98,8,0.464,0,1,1,0
CLT0308,UK,Low,0,Trading,62872.45,13,16,327.46,6,0.18,1,1,1,0
CLT0309,UAE,Medium,0,Trading,82524.94,23,28,245.61,5,0.233,0,0,0,1
CLT0310,USA,Low,0,Trading,45065.83,5,35,107.3,9,0.133,2,0,1,2
CLT0311,Switzerland,Low,0,Mining,5940.98,30,60,8.25,14,0.056,0,0,0,1
CLT0312,UK,Low,0,Retail,1173004.96,6,45,2172.23,7,0.132,0,0,1,0
CLT0313,UAE,Medium,1,Healthcare,136468.1,24,46,247.22,8,0.337,0,1,1,0
CLT0314,Cayman Islands,High,0,Technology,3113733.56,26,72,3603.86,1,0.06,0,0,1,0
CLT0315,UK,Low,0,Mining,17896.07,29,55,27.12,11,0.243,1,0,0,1
CLT0316,UAE,Medium,0,Legal,251909.04,14,86,244.1,2,0.315,0,0,1,0
CLT0317,France,Low,0,Healthcare,192704.04,12,85,188.93,8,0.546,0,0,1,0
CLT0318,Russia,High,0,Legal,38721.0,4,26,124.11,12,0.238,0,2,1,2
CLT0319,France,Low,0,Healthcare,497114.84,29,85,487.37,9,0.127,0,0,1,0
CLT0320,Russia,High,0,Retail,32594.05,23,25,108.65,4,0.425,0,1,1,0
CLT0321,Germany,Low,0,Construction,34844.93,6,65,44.67,12,0.262,1,0,0,1
CLT0322,Germany,Low,0,Legal,327.95,10,6,4.55,10,0.162,0,2,1,0
CLT0323,Germany,Low,0,Mining,110585.26,18,23,400.67,11,0.152,2,0,0,2
CLT0324,Cayman Islands,High,0,Healthcare,8198.73,15,64,10.68,10,0.43,1,1,1,2
CLT0325,France,Low,0,Trading,26210.57,8,87,25.11,14,0.311,0,0,1,0
CLT0326,Russia,High,1,Energy,12844.49,26,43,24.89,9,0.145,0,1,1,2
CLT0327,UAE,Medium,0,Trading,34566.93,9,23,125.24,4,0.458,0,0,0,1
CLT0328,Switzerland,Low,0,Real Estate,116520.25,5,96,101.15,10,0.125,0,0,1,0
CLT0329,UAE,Medium,0,Construction,60883.19,10,30,169.12,10,0.593,0,1,1,1
CLT0330,Switzerland,Low,0,Construction,173591.82,20,77,187.87,10,0.334,3,2,1,2
CLT0331,Panama,High,1,Trading,399689.91,6,18,1850.42,9,0.522,0,0,1,2
CLT0332,UAE,Medium,0,Technology,34434.22,16,87,32.98,11,0.077,0,1,1,1
CLT0333,UK,Low,0,Retail,29206.58,24,79,30.81,7,0.384,0,0,1,0
CLT0334,UK,Low,0,Legal,251850.64,27,97,216.37,2,0.455,0,1,0,0
CLT0335,Singapore,Medium,0,Mining,283671.15,3,21,1125.68,9,0.481,1,1,0,2
CLT0336,France,Low,1,Construction,181840.7,10,57,265.85,4,0.085,0,0,1,0
CLT0337,Switzerland,Low,0,Trading,14353.25,11,23,52.0,8,0.55,0,1,1,1
CLT0338,Switzerland,Low,0,Trading,112868.94,11,91,103.36,14,0.555,0,1,0,1
CLT0339,Luxembourg,Low,0,Retail,70559.1,17,45,130.67,7,0.349,2,0,0,1
CLT0340,USA,Low,0,Retail,290335.79,4,44,549.88,13,0.477,0,1,1,1
CLT0341,France,Low,0,Finance,25354.0,4,82,25.77,7,0.422,3,0,1,2
CLT0342,Cayman Islands,High,1,Finance,4915.18,17,88,4.65,8,0.019,0,1,1,2
CLT0343,Singapore,Medium,1,Technology,168611.95,9,47,298.96,1,0.372,0,1,1,1
CLT0344,Cayman Islands,High,0,Technology,1290.06,19,40,2.69,5,0.234,0,0,0,0
CLT0345,Cayman Islands,High,0,Real Estate,19984.85,5,51,32.65,2,0.215,0,1,0,2
CLT0346,Cayman Islands,High,0,Technology,12902.89,22,42,25.6,2,0.43,0,0,1,0
CLT0347,France,Low,0,Healthcare,12773.12,24,7,152.06,1,0.21,0,0,1,0
CLT0348,Cayman Islands,High,0,Retail,19466.55,6,50,32.44,5,0.357,0,0,1,0
CLT0349,UK,Low,0,Mining,371781.04,3,48,645.45,2,0.178,0,0,1,0
CLT0350,USA,Low,1,Healthcare,205013.91,22,84,203.39,4,0.245,0,1,1,0
CLT0351,USA,Low,0,Legal,41044.17,1,91,37.59,3,0.268,0,0,1,0
CLT0352,Germany,Low,0,Trading,327890.57,20,6,4554.04,3,0.068,1,0,1,0
CLT0353,Panama,High,0,Technology,12167.87,22,91,11.14,2,0.262,0,1,1,0
CLT0354,Switzerland,Low,0,Trading,9922.65,16,9,91.88,13,0.336,0,0,1,1
CLT0355,Luxembourg,Low,0,Construction,218686.61,23,57,319.72,6,0.384,0,0,1,0
CLT0356,Switzerland,Low,0,Real Estate,142837.78,11,31,383.97,2,0.195,1,0,1,0
CLT0357,Panama,High,0,Construction,30019.57,13,21,119.13,14,0.344,1,1,1,2
CLT0358,Luxembourg,Low,0,Real Estate,10903.17,27,90,10.1,14,0.144,0,0,1,0
CLT0359,France,Low,0,Finance,534773.09,10,40,1114.11,8,0.099,0,0,1,0
CLT0360,UAE,Medium,0,Trading,4536.21,3,45,8.4,8,0.237,2,0,0,2
CLT0361,France,Low,0,Real Estate,24400.55,9,77,26.41,13,0.259,3,1,0,2
CLT0362,Switzerland,Low,0,Energy,84361.36,28,49,143.47,14,0.332,0,0,1,0
CLT0363,Switzerland,Low,0,Healthcare,893808.85,12,87,856.14,12,0.148,3,2,0,2
CLT0364,Luxembourg,Low,0,Real Estate,106366.96,23,20,443.2,5,0.223,0,1,1,0
CLT0365,Luxembourg,Low,0,Real Estate,123063.65,14,92,111.47,10,0.037,1,1,1,1
CLT0366,Panama,High,0,Healthcare,25487.02,1,17,124.94,7,0.218,0,0,1,1
CLT0367,Cayman Islands,High,0,Trading,140465.94,18,28,418.05,4,0.695,0,0,1,1
CLT0368,France,Low,0,Trading,70120.05,17,41,142.52,1,0.105,0,2,1,0
CLT0369,Luxembourg,Low,1,Healthcare,5526.46,27,66,6.98,11,0.495,1,0,1,0
CLT0370,Russia,High,0,Construction,196693.56,9,25,655.65,2,0.251,2,0,0,2
CLT0371,Panama,High,0,Energy,256681.19,9,58,368.79,10,0.276,0,0,1,2
CLT0372,UK,Low,0,Mining,199795.09,23,41,406.09,10,0.099,0,2,0,1
CLT0373,Switzerland,Low,0,Legal,62943.44,10,6,874.21,4,0.307,0,1,1,0
CLT0374,Panama,High,0,Energy,14267.43,19,75,15.85,1,0.195,0,0,0,1
CLT0375,France,Low,0,Trading,1874.74,29,38,4.11,13,0.26,0,1,1,0
CLT0376,Luxembourg,Low,0,Mining,75779.3,15,6,1052.49,8,0.191,0,0,1,0
CLT0377,Switzerland,Low,0,Finance,303432.08,5,45,561.91,9,0.116,2,1,0,2
CLT0378,UAE,Medium,0,Technology,266545.09,15,75,296.16,4,0.277,0,0,1,0
CLT0379,Panama,High,0,Real Estate,203640.05,20,14,1212.14,10,0.326,0,1,1,2
CLT0380,Singapore,Medium,1,Healthcare,53566.73,23,66,67.63,3,0.198,0,0,1,0
CLT0381,Switzerland,Low,0,Healthcare,305955.9,30,40,637.41,2,0.15,0,0,1,0
CLT0382,France,Low,0,Real Estate,239484.2,25,3,6652.34,5,0.164,2,0,1,1
CLT0383,Germany,Low,1,Technology,31762.76,28,99,26.74,14,0.416,0,0,1,1
CLT0384,Russia,High,0,Legal,165197.5,2,97,141.92,3,0.303,0,1,1,1
CLT0385,China,Medium,0,Technology,26797.43,13,24,93.05,10,0.328,0,0,1,0
CLT0386,Cayman Islands,High,0,Mining,134596.45,24,19,590.34,7,0.369,0,0,0,2
CLT0387,China,Medium,1,Technology,8529.83,16,18,39.49,11,0.049,0,0,1,1
CLT0388,France,Low,0,Mining,9572.81,15,64,12.46,6,0.114,0,0,1,0
CLT0389,UK,Low,0,Technology,292819.18,25,88,277.29,1,0.542,0,0,1,0
CLT0390,UK,Low,0,Legal,244345.91,10,35,581.78,12,0.065,0,0,1,0
CLT0391,Germany,Low,0,Legal,154881.77,14,62,208.17,8,0.193,0,0,1,0
CLT0392,Cayman Islands,High,0,Trading,68319.69,10,1,5693.31,2,0.448,0,0,1,1
CLT0393,Singapore,Medium,0,Real Estate,1657.54,25,25,5.53,5,0.223,0,0,1,0
CLT0394,Germany,Low,0,Legal,53513.33,14,45,99.1,9,0.157,0,2,1,1
CLT0395,USA,Low,0,Mining,118334.99,26,49,201.25,8,0.242,2,1,1,1
CLT0396,China,Medium,0,Legal,26846.75,30,98,22.83,2,0.238,0,0,1,0
CLT0397,Germany,Low,0,Trading,20563.21,23,89,19.25,9,0.172,0,1,1,0
CLT0398,China,Medium,0,Healthcare,522630.81,9,16,2722.04,5,0.02,0,1,1,0
CLT0399,Switzerland,Low,0,Mining,54697.13,25,98,46.51,10,0.113,0,0,1,0
CLT0400,UK,Low,0,Trading,118443.67,14,93,106.13,14,0.245,0,1,0,2
CLT0401,Switzerland,Low,0,Construction,191223.31,3,19,838.7,6,0.175,1,0,0,1
CLT0402,Russia,High,0,Construction,13330.96,20,23,48.3,13,0.412,0,1,1,2
CLT0403,USA,Low,0,Finance,80002.34,16,83,80.32,3,0.232,0,0,1,0
CLT0404,Cayman Islands,High,1,Technology,433421.83,2,25,1444.74,13,0.397,0,0,1,2
CLT0405,Singapore,Medium,0,Real Estate,916974.35,10,16,4775.91,3,0.135,2,0,1,2
CLT0406,China,Medium,0,Retail,63570.49,3,54,98.1,10,0.357,0,2,1,2
CLT0407,Singapore,Medium,0,Energy,41901.83,11,73,47.83,8,0.107,0,1,0,1
CLT0408,China,Medium,1,Trading,89638.13,11,1,7469.84,11,0.222,3,0,1,2
CLT0409,France,Low,0,Healthcare,86288.84,21,42,171.21,10,0.456,1,0,1,0
CLT0410,Germany,Low,0,Energy,479326.42,21,19,2102.31,10,0.129,1,0,1,1
CLT0411,Russia,High,0,Healthcare,13432.23,22,97,11.54,12,0.339,0,0,1,1
CLT0412,UK,Low,0,Energy,39347.6,13,34,96.44,2,0.299,0,0,0,0
CLT0413,Luxembourg,Low,1,Trading,11206.93,7,80,11.67,11,0.139,0,0,1,1
CLT0414,China,Medium,0,Retail,13119.54,23,55,19.88,12,0.406,0,1,0,1
CLT0415,Singapore,Medium,0,Energy,105330.79,17,18,487.64,12,0.266,0,1,1,1
CLT0416,Russia,High,0,Trading,201750.44,30,34,494.49,2,0.468,1,0,1,1
CLT0417,UAE,Medium,1,Legal,22604.68,2,89,21.17,13,0.207,1,0,1,2
CLT0418,UAE,Medium,1,Retail,190640.01,12,45,353.04,5,0.595,0,2,1,2
CLT0419,Switzerland,Low,0,Mining,317225.45,25,6,4405.91,6,0.616,0,1,1,0
CLT0420,UK,Low,1,Healthcare,1090404.19,10,21,4327.0,12,0.201,0,1,1,1
CLT0421,Luxembourg,Low,1,Construction,66477.6,18,70,79.14,2,0.601,1,2,1,1
CLT0422,France,Low,0,Technology,22933.48,22,96,19.91,5,0.155,0,1,0,0
CLT0423,Singapore,Medium,0,Construction,13310.28,27,48,23.11,7,0.058,1,0,1,0
CLT0424,Luxembourg,Low,0,Retail,11467.94,11,39,24.5,10,0.424,0,0,1,0
CLT0425,Germany,Low,0,Mining,390300.04,16,31,1049.19,10,0.099,0,2,1,1
CLT0426,Germany,Low,0,Healthcare,6169.4,17,10,51.41,8,0.288,1,0,1,0
CLT0427,Singapore,Medium,0,Mining,371990.18,19,30,1033.31,12,0.265,0,0,1,2
CLT0428,Cayman Islands,High,0,Energy,16274.23,18,18,75.34,7,0.277,0,0,1,0
CLT0429,France,Low,0,Healthcare,21422.36,3,60,29.75,8,0.29,1,1,1,1
CLT0430,Russia,High,0,Energy,47699.05,21,88,45.17,14,0.138,0,2,1,2
CLT0431,China,Medium,0,Trading,20837.68,27,73,23.79,12,0.235,0,0,1,1
CLT0432,Cayman Islands,High,1,Retail,242309.14,26,95,212.55,9,0.189,0,0,1,1
CLT0433,China,Medium,0,Trading,908923.24,16,15,5049.57,5,0.268,0,1,1,1
CLT0434,China,Medium,0,Finance,22333.69,6,4,465.29,13,0.22,1,0,1,1
CLT0435,Cayman Islands,High,0,Mining,31308.45,25,63,41.41,5,0.438,1,0,0,2
CLT0436,Switzerland,Low,0,Energy,46864.64,12,40,97.63,11,0.229,2,2,1,2
CLT0437,UAE,Medium,0,Legal,134805.08,11,9,1248.2,10,0.191,0,0,1,1
CLT0438,China,Medium,0,Trading,47561.25,15,9,440.38,4,0.27,0,0,0,0
CLT0439,Cayman Islands,High,0,Finance,479685.58,15,26,1537.45,13,0.114,0,1,1,2
CLT0440,Cayman Islands,High,0,Real Estate,334347.41,16,4,6965.57,9,0.261,1,0,1,2
CLT0441,USA,Low,0,Construction,10115.32,10,81,10.41,5,0.018,0,2,1,0
CLT0442,Luxembourg,Low,0,Healthcare,130803.6,12,16,681.27,14,0.351,0,0,1,0
CLT0443,Panama,High,1,Finance,585668.29,28,15,3253.71,2,0.355,1,0,1,2
CLT0444,Switzerland,Low,1,Retail,28504.82,13,99,23.99,10,0.214,0,0,1,0
CLT0445,UK,Low,0,Trading,38507.28,4,52,61.71,8,0.024,0,0,1,0
CLT0446,Panama,High,0,Retail,27117.77,7,69,32.75,7,0.2,0,1,0,2
CLT0447,Luxembourg,Low,0,Construction,27983.95,22,5,466.4,8,0.498,2,1,1,2
CLT0448,Luxembourg,Low,0,Legal,4901.63,2,20,20.42,12,0.1,0,2,1,1
CLT0449,Luxembourg,Low,1,Mining,8164.31,26,79,8.61,3,0.003,2,0,1,1
CLT0450,Panama,High,1,Mining,67252.57,27,18,311.35,4,0.368,0,1,1,2
CLT0451,Singapore,Medium,0,Retail,579775.92,27,2,24157.33,5,0.68,3,0,1,1
CLT0452,UAE,Medium,0,Energy,23860.0,27,93,21.38,6,0.213,0,1,1,0
CLT0453,Cayman Islands,High,0,Legal,22830.76,15,13,146.35,1,0.278,0,1,1,0
CLT0454,UAE,Medium,0,Mining,768565.91,8,4,16011.79,4,0.258,1,0,1,1
CLT0455,France,Low,0,Legal,11357.28,7,42,22.53,11,0.152,2,0,1,1
CLT0456,Singapore,Medium,1,Finance,4954.91,15,74,5.58,12,0.351,0,0,1,1
CLT0457,UK,Low,0,Legal,17278.65,23,61,23.6,10,0.115,1,0,1,0
CLT0458,UAE,Medium,0,Technology,22155.11,14,95,19.43,13,0.209,2,2,0,2
CLT0459,Germany,Low,1,Construction,4353.87,8,8,45.35,5,0.167,0,0,1,0
CLT0460,Luxembourg,Low,0,Mining,49411.45,28,67,61.46,7,0.61,0,0,1,0
CLT0461,China,Medium,0,Legal,248368.68,12,63,328.53,13,0.144,2,0,1,2
CLT0462,France,Low,0,Retail,8699.91,13,9,80.55,5,0.296,0,1,1,0
CLT0463,Switzerland,Low,0,Real Estate,68279.67,30,94,60.53,13,0.554,0,0,1,0
CLT0464,UK,Low,0,Technology,108434.71,11,11,821.48,13,0.157,1,0,1,0
CLT0465,France,Low,0,Technology,52834.71,17,99,44.47,1,0.553,0,0,0,0
CLT0466,Luxembourg,Low,0,Energy,79105.6,29,42,156.96,11,0.451,0,1,1,0
CLT0467,China,Medium,1,Legal,80498.26,17,13,516.01,7,0.213,3,0,1,2
CLT0468,Singapore,Medium,0,Energy,17692.71,24,36,40.96,8,0.076,0,1,0,1
CLT0469,China,Medium,1,Energy,566863.53,4,13,3633.74,13,0.17,1,0,1,2
CLT0470,Panama,High,1,Real Estate,389116.96,21,12,2702.2,7,0.162,1,0,1,2
CLT0471,China,Medium,0,Finance,356777.31,8,37,803.55,11,0.259,0,0,1,1
CLT0472,Panama,High,1,Legal,273898.7,5,74,308.44,14,0.127,0,0,1,2
CLT0473,Singapore,Medium,0,Trading,5639.39,26,73,6.44,13,0.279,0,0,1,1
CLT0474,Russia,High,1,Mining,240167.91,16,52,384.88,4,0.295,0,0,1,2
CLT0475,Luxembourg,Low,0,Energy,160075.71,4,71,187.88,8,0.419,0,1,1,0
CLT0476,Panama,High,0,Construction,5974.25,28,2,248.93,5,0.215,0,0,1,1
CLT0477,Switzerland,Low,0,Healthcare,43374.82,22,56,64.55,10,0.268,0,0,1,0
CLT0478,China,Medium,1,Construction,90688.89,29,60,125.96,9,0.117,0,1,0,2
CLT0479,China,Medium,0,Real Estate,726850.17,15,23,2633.52,12,0.441,0,0,1,1
CLT0480,Switzerland,Low,0,Real Estate,177563.89,12,40,369.92,12,0.433,0,1,1,1
CLT0481,Germany,Low,1,Retail,16369.11,5,64,21.31,10,0.08,0,1,1,1
CLT0482,Cayman Islands,High,0,Finance,761528.36,30,85,746.6,5,0.657,0,0,0,1
CLT0483,Russia,High,0,Mining,63938.03,23,23,231.66,1,0.106,0,1,1,1
CLT0484,UK,Low,0,Energy,40791.88,16,29,117.22,12,0.456,0,0,1,0
CLT0485,Panama,High,0,Construction,36655.64,14,78,39.16,9,0.326,0,0,1,1
CLT0486,Switzerland,Low,0,Healthcare,5243.09,10,90,4.85,12,0.331,1,0,1,0
CLT0487,Singapore,Medium,1,Real Estate,50784.46,7,51,82.98,5,0.22,0,0,1,1
CLT0488,Panama,High,0,Real Estate,126276.33,13,69,152.51,6,0.468,0,0,1,1
CLT0489,Cayman Islands,High,0,Finance,33588.03,20,95,29.46,4,0.164,0,0,1,0
CLT0490,Singapore,Medium,0,Healthcare,112496.65,28,89,105.33,6,0.159,0,0,1,0
CLT0491,France,Low,1,Healthcare,16373.4,29,31,44.01,12,0.134,0,0,1,0
CLT0492,Luxembourg,Low,1,Finance,48465.53,5,50,80.78,8,0.313,2,0,1,2
CLT0493,China,Medium,0,Real Estate,96260.23,29,20,401.08,3,0.546,0,0,1,0
CLT0494,France,Low,1,Mining,79577.87,3,55,120.57,5,0.267,3,0,1,2
CLT0495,Panama,High,0,Legal,5387.31,15,81,5.54,2,0.591,0,0,1,0
CLT0496,Cayman Islands,High,0,Legal,30992.21,4,2,1291.34,14,0.173,0,0,1,2
CLT0497,Russia,High,0,Finance,741324.99,15,25,2471.08,2,0.266,0,0,1,0
CLT0498,Luxembourg,Low,1,Healthcare,28604.83,14,13,183.36,13,0.046,0,1,0,2
CLT0499,Panama,High,0,Energy,61310.8,20,92,55.54,7,0.275,0,1,1,1
CLT0500,Switzerland,Low,0,Finance,52568.19,19,70,62.58,10,0.489,0,0,1,0
CLT0501,UAE,Medium,0,Mining,629297.65,13,67,782.71,13,0.175,0,1,1,1
CLT0502,Panama,High,0,Finance,414800.18,10,58,595.98,10,0.324,0,0,1,1
CLT0503,Luxembourg,Low,0,Technology,201047.5,21,99,169.23,14,0.026,0,0,1,0
CLT0504,China,Medium,0,Construction,13906.85,5,82,14.13,11,0.445,0,2,0,2
CLT0505,China,Medium,0,Healthcare,102618.61,27,75,114.02,10,0.478,0,0,1,0
CLT0506,Panama,High,0,Retail,140352.53,23,84,139.24,6,0.058,0,2,0,1
CLT0507,Singapore,Medium,0,Retail,20996.12,20,64,27.34,4,0.253,2,0,1,0
CLT0508,UAE,Medium,0,Healthcare,16223.63,29,69,19.59,5,0.46,0,0,0,0
CLT0509,Switzerland,Low,0,Mining,772603.47,20,83,775.71,1,0.195,0,0,0,0
CLT0510,Panama,High,0,Technology,38131.46,25,86,36.95,7,0.12,0,0,0,1
CLT0511,Singapore,Medium,0,Technology,674998.15,6,59,953.39,8,0.304,2,0,1,1
CLT0512,China,Medium,0,Real Estate,267170.05,4,60,371.07,9,0.42,0,0,1,1
CLT0513,China,Medium,0,Construction,110394.45,2,83,110.84,8,0.402,0,1,1,1
CLT0514,Cayman Islands,High,0,Legal,118042.16,22,62,158.66,5,0.196,0,0,0,1
CLT0515,Panama,High,0,Trading,7327.36,16,16,38.16,3,0.559,0,0,1,1
CLT0516,UAE,Medium,0,Mining,81647.15,18,88,77.32,10,0.049,0,0,1,1
CLT0517,Germany,Low,0,Trading,501586.13,5,68,614.69,11,0.329,0,1,1,1
CLT0518,UAE,Medium,0,Trading,166376.61,22,15,924.31,9,0.528,2,0,1,2
CLT0519,China,Medium,0,Healthcare,75471.1,4,89,70.67,6,0.278,0,0,0,0
CLT0520,China,Medium,0,Retail,780668.43,30,55,1182.83,5,0.187,0,2,1,0
CLT0521,France,Low,0,Retail,45362.4,13,35,108.01,13,0.233,0,0,1,0
CLT0522,China,Medium,1,Legal,23639.31,19,55,35.82,3,0.206,0,0,0,0
CLT0523,Switzerland,Low,0,Healthcare,75413.97,23,14,448.89,6,0.31,0,1,1,0
CLT0524,UK,Low,0,Trading,189037.57,2,49,321.49,3,0.248,0,1,1,1
CLT0525,Panama,High,0,Energy,4551.94,13,83,4.57,10,0.057,0,0,1,1
CLT0526,UAE,Medium,0,Retail,91794.07,11,7,1092.79,12,0.252,0,0,1,0
CLT0527,UK,Low,0,Mining,201897.92,30,30,560.83,6,0.365,0,1,1,0
CLT0528,Singapore,Medium,0,Mining,39956.14,22,83,40.12,4,0.09,0,0,1,0
CLT0529,Germany,Low,1,Real Estate,315037.56,29,49,535.78,2,0.186,0,2,1,1
CLT0530,Switzerland,Low,1,Finance,156651.68,4,89,146.68,8,0.354,0,0,1,1
CLT0531,Luxembourg,Low,0,Energy,1486707.76,22,16,7743.27,4,0.32,2,0,1,0
CLT0532,USA,Low,0,Retail,19420.72,20,51,31.73,9,0.179,0,0,1,0
CLT0533,UAE,Medium,0,Technology,208160.52,20,72,240.93,7,0.296,0,1,0,1
CLT0534,UK,Low,0,Retail,13017.03,15,82,13.23,12,0.177,2,1,1,1
CLT0535,Luxembourg,Low,0,Real Estate,5307.89,4,92,4.81,2,0.257,0,1,1,0
CLT0536,Germany,Low,0,Mining,2826.24,9,80,2.94,4,0.265,3,2,1,2
CLT0537,France,Low,0,Trading,134253.63,7,83,134.79,5,0.624,0,0,1,0
CLT0538,Luxembourg,Low,0,Technology,78934.36,19,42,156.62,3,0.182,0,0,1,0
CLT0539,Switzerland,Low,0,Healthcare,29185.39,19,17,143.07,9,0.141,0,1,0,0
CLT0540,Switzerland,Low,0,Construction,4187.02,6,63,5.54,13,0.305,2,1,0,2
CLT0541,France,Low,0,Trading,21256.54,6,45,39.36,5,0.338,0,1,0,1
CLT0542,USA,Low,0,Construction,60242.87,20,77,65.2,2,0.258,2,1,1,1
CLT0543,Panama,High,0,Energy,196762.77,15,7,2342.41,11,0.351,0,0,1,1
CLT0544,Luxembourg,Low,1,Finance,58407.31,15,27,180.27,3,0.216,1,0,1,1
CLT0545,France,Low,0,Technology,87386.01,25,10,728.22,14,0.346,0,2,1,0
CLT0546,Switzerland,Low,1,Legal,34057.36,20,34,83.47,9,0.261,0,0,1,0
CLT0547,Switzerland,Low,0,Technology,825575.75,9,36,1911.05,7,0.23,2,0,1,1
CLT0548,UK,Low,0,Retail,12998.97,4,25,43.33,2,0.477,2,1,1,1
CLT0549,China,Medium,0,Mining,20976.18,18,6,291.34,9,0.58,0,0,1,1
CLT0550,USA,Low,0,Retail,28608.61,18,24,99.34,14,0.229,0,1,1,0
CLT0551,Luxembourg,Low,0,Retail,135138.65,5,18,625.64,4,0.065,0,0,1,0
CLT0552,Luxembourg,Low,0,Energy,12603.25,20,87,12.07,13,0.093,0,1,1,0
CLT0553,Germany,Low,0,Trading,73392.56,23,6,1019.34,9,0.318,0,1,1,0
CLT0554,France,Low,1,Legal,76677.62,30,29,220.34,13,0.374,0,0,0,1
CLT0555,Germany,Low,1,Legal,21130.29,11,25,70.43,2,0.146,0,0,0,1
CLT0556,France,Low,0,Retail,98220.4,5,55,148.82,12,0.482,1,0,1,1
CLT0557,Singapore,Medium,0,Construction,13204.05,22,81,13.58,10,0.23,0,0,1,0
CLT0558,Switzerland,Low,1,Energy,11208.06,26,46,20.3,12,0.543,0,0,0,1
CLT0559,China,Medium,1,Retail,69522.7,4,24,241.4,4,0.305,0,0,1,1
CLT0560,UK,Low,1,Finance,4965.98,29,75,5.52,5,0.513,0,0,1,0
CLT0561,China,Medium,0,Mining,2398.97,12,26,7.69,2,0.115,0,0,1,0
CLT0562,China,Medium,0,Trading,133152.44,2,98,113.22,10,0.318,0,0,1,1
CLT0563,China,Medium,0,Healthcare,288789.96,13,28,859.49,1,0.352,0,1,0,0
CLT0564,Germany,Low,0,Finance,29726.53,10,3,825.74,7,0.562,1,0,0,1
CLT0565,France,Low,0,Construction,21980.13,9,75,24.42,10,0.316,0,1,0,0
CLT0566,Russia,High,0,Technology,270574.52,10,38,593.37,1,0.142,2,1,1,1
CLT0567,Singapore,Medium,0,Technology,10739.6,7,61,14.67,11,0.12,1,1,1,1
CLT0568,UAE,Medium,1,Finance,7746.07,4,78,8.28,11,0.388,1,1,1,2
CLT0569,China,Medium,0,Retail,173070.56,19,51,282.8,8,0.169,0,0,1,0
CLT0570,Panama,High,0,Healthcare,60691.4,10,90,56.2,3,0.339,0,1,1,1
CLT0571,Germany,Low,0,Real Estate,295763.41,30,48,513.48,14,0.346,0,0,1,0
CLT0572,USA,Low,0,Real Estate,2415.35,3,21,9.58,10,0.459,0,1,0,2
CLT0573,UK,Low,0,Construction,7324.56,25,54,11.3,6,0.314,0,1,0,0
CLT0574,UAE,Medium,0,Retail,61175.26,21,56,91.03,7,0.082,0,0,0,0
CLT0575,Russia,High,0,Legal,112028.72,29,94,99.32,10,0.312,0,0,1,1
CLT0576,Panama,High,0,Legal,213308.69,19,59,301.28,1,0.182,0,0,0,1
CLT0577,Russia,High,0,Trading,77825.67,21,72,90.08,14,0.429,0,1,0,2
CLT0578,UAE,Medium,0,Healthcare,76648.3,2,51,125.24,6,0.599,3,0,1,2
CLT0579,China,Medium,0,Healthcare,33386.19,27,20,139.11,7,0.205,0,0,1,0
CLT0580,Panama,High,0,Technology,651060.18,20,96,565.16,6,0.448,0,0,0,1
CLT0581,Russia,High,0,Energy,11446.79,10,86,11.09,4,0.103,0,0,0,1
CLT0582,UK,Low,1,Construction,102593.54,2,59,144.91,1,0.433,2,2,0,2
CLT0583,France,Low,1,Real Estate,13606.28,2,71,15.97,11,0.406,0,1,1,2
CLT0584,Switzerland,Low,0,Construction,133541.53,28,9,1236.5,9,0.563,0,0,1,0
CLT0585,France,Low,0,Legal,12638.13,24,1,1053.18,4,0.281,0,0,1,0
CLT0586,UAE,Medium,0,Legal,182722.44,17,29,525.06,7,0.125,0,0,1,0
CLT0587,Germany,Low,0,Finance,70838.46,16,63,93.7,7,0.097,0,0,1,0
CLT0588,Switzerland,Low,0,Trading,819917.3,16,72,948.98,2,0.154,1,1,0,1
CLT0589,Singapore,Medium,0,Healthcare,39279.99,14,56,58.45,1,0.08,1,0,1,0
CLT0590,UK,Low,0,Mining,113260.89,7,68,138.8,8,0.152,1,0,1,1
CLT0591,Singapore,Medium,0,Construction,18592.54,21,35,44.27,8,0.376,1,1,1,1
CLT0592,Panama,High,0,Legal,38877.09,11,3,1079.92,7,0.345,0,2,1,1
CLT0593,Luxembourg,Low,0,Energy,70166.36,24,7,835.31,14,0.559,1,0,1,2
CLT0594,Switzerland,Low,0,Technology,6058.21,1,27,18.7,8,0.355,0,0,1,0
CLT0595,Singapore,Medium,0,Real Estate,7140.69,11,1,595.06,3,0.274,0,0,0,1
CLT0596,Singapore,Medium,0,Trading,147235.55,23,91,134.83,11,0.345,0,1,1,1
CLT0597,Russia,High,1,Energy,48091.93,21,80,50.1,2,0.131,0,2,0,2
CLT0598,France,Low,0,Trading,24602.67,4,71,28.88,7,0.329,0,0,1,0
CLT0599,Russia,High,0,Finance,19821.47,7,44,37.54,8,0.53,0,0,0,2
CLT0600,Switzerland,Low,0,Mining,20999.77,26,87,20.11,1,0.146,0,1,1,0
CLT0601,Switzerland,Low,0,Legal,70885.85,15,41,144.08,12,0.533,1,1,1,1
CLT0602,UAE,Medium,1,Technology,116722.41,18,75,129.69,10,0.276,0,2,1,1
CLT0603,Russia,High,0,Energy,2596.29,12,42,5.15,9,0.15,0,0,1,1
CLT0604,Cayman Islands,High,0,Trading,498446.27,17,33,1258.7,13,0.267,1,0,1,2
CLT0605,USA,Low,0,Healthcare,448001.18,1,50,746.67,11,0.085,0,0,1,0
CLT0606,France,Low,1,Finance,1815.32,11,63,2.4,4,0.394,1,0,0,1
CLT0607,Switzerland,Low,1,Healthcare,305251.11,28,37,687.5,14,0.105,0,0,1,0
CLT0608,UAE,Medium,0,Technology,291509.62,1,59,411.74,12,0.148,3,0,0,2
CLT0609,Luxembourg,Low,0,Energy,59914.17,15,81,61.64,14,0.629,0,0,0,1
CLT0610,Russia,High,0,Finance,8554.79,28,99,7.2,4,0.235,0,1,0,1
CLT0611,France,Low,0,Energy,274537.22,21,48,476.63,3,0.1,0,0,1,0
CLT0612,Luxembourg,Low,0,Legal,41695.7,10,5,694.93,6,0.283,0,1,1,0
CLT0613,Russia,High,0,Retail,136396.08,7,48,236.8,1,0.323,2,0,1,2
CLT0614,Singapore,Medium,0,Finance,1670781.28,2,96,1450.33,6,0.386,0,1,1,1
CLT0615,Luxembourg,Low,0,Healthcare,87356.71,10,3,2426.58,2,0.575,0,0,1,0
CLT0616,UAE,Medium,0,Technology,15133.6,24,47,26.83,9,0.216,0,1,1,0
CLT0617,France,Low,0,Mining,36185.13,4,62,48.64,2,0.275,1,0,1,0
CLT0618,China,Medium,1,Legal,18321.53,12,99,15.42,7,0.398,0,0,0,1
CLT0619,Panama,High,0,Retail,114718.27,19,14,682.85,12,0.192,3,1,1,2
CLT0620,Panama,High,0,Mining,17870.36,26,63,23.64,1,0.022,0,0,0,1
CLT0621,France,Low,1,Real Estate,29458.06,11,61,40.24,12,0.548,0,0,1,1
CLT0622,Luxembourg,Low,0,Legal,8719.82,8,31,23.44,7,0.314,0,1,1,0
CLT0623,Russia,High,0,Technology,49112.53,18,95,43.08,5,0.296,1,1,1,1
CLT0624,UAE,Medium,0,Trading,78052.13,11,17,382.61,8,0.257,2,0,0,2
CLT0625,USA,Low,0,Finance,1067.23,11,24,3.71,4,0.203,0,0,1,0
CLT0626,Panama,High,1,Energy,88376.41,13,23,320.2,12,0.658,0,0,0,2
CLT0627,UAE,Medium,0,Technology,55907.27,3,82,56.82,10,0.386,1,0,1,2
CLT0628,Panama,High,0,Finance,19006.04,12,50,31.68,7,0.165,0,2,1,2
CLT0629,Singapore,Medium,0,Mining,1255373.11,3,78,1341.21,6,0.258,0,0,1,1
CLT0630,Russia,High,0,Energy,252133.7,10,79,265.96,5,0.185,0,0,0,2
CLT0631,Singapore,Medium,0,Construction,11561.04,27,79,12.2,4,0.162,0,2,1,1
CLT0632,Panama,High,1,Healthcare,210524.08,17,70,250.62,7,0.201,0,0,0,2
CLT0633,China,Medium,0,Real Estate,387219.55,22,27,1195.12,12,0.441,0,1,0,2
CLT0634,China,Medium,1,Legal,72986.62,2,15,405.48,5,0.031,0,0,1,1
CLT0635,Singapore,Medium,0,Technology,102966.92,17,50,171.61,5,0.131,1,0,1,0
CLT0636,China,Medium,0,Real Estate,99460.91,16,36,230.23,1,0.475,0,0,1,1
CLT0637,Panama,High,0,Trading,2620.91,2,8,27.3,2,0.347,1,0,0,2
CLT0638,France,Low,0,Finance,45238.13,28,79,47.72,5,0.431,0,0,1,0
CLT0639,Singapore,Medium,1,Finance,41840.95,22,3,1162.25,13,0.522,0,0,1,1
CLT0640,USA,Low,1,Technology,511566.8,30,62,687.59,3,0.01,0,0,1,0
CLT0641,USA,Low,0,Retail,98774.21,20,47,175.13,14,0.286,1,0,1,1
CLT0642,Germany,Low,0,Retail,38314.49,6,77,41.47,13,0.34,0,0,1,0
CLT0643,Luxembourg,Low,0,Construction,52303.2,28,98,44.48,2,0.166,2,0,0,0
CLT0644,Russia,High,0,Healthcare,277917.16,25,88,263.18,14,0.383,0,0,1,1
CLT0645,China,Medium,0,Energy,45393.45,29,96,39.4,14,0.119,0,1,1,1
CLT0646,China,Medium,0,Trading,21009.01,10,61,28.7,4,0.287,3,0,0,2
CLT0647,Luxembourg,Low,0,Real Estate,39594.55,28,32,103.11,4,0.317,0,0,1,0
CLT0648,Switzerland,Low,0,Retail,245498.03,10,94,217.64,4,0.317,0,1,0,1
CLT0649,Cayman Islands,High,0,Construction,126026.48,8,13,807.86,4,0.259,2,0,1,2
CLT0650,Singapore,Medium,0,Construction,63984.87,1,1,5332.07,3,0.159,0,1,1,0
CLT0651,UK,Low,0,Technology,79802.41,13,34,195.59,13,0.328,0,1,0,1
CLT0652,China,Medium,0,Trading,25858.28,24,62,34.76,12,0.38,3,0,0,2
CLT0653,Russia,High,0,Mining,44760.26,9,79,47.22,7,0.159,0,0,0,2
CLT0654,Germany,Low,0,Energy,22137.84,22,78,23.65,9,0.203,2,2,1,1
CLT0655,USA,Low,0,Healthcare,38477.58,10,93,34.48,12,0.342,0,0,1,0
CLT0656,China,Medium,0,Legal,451020.19,15,98,383.52,5,0.316,1,1,0,1
CLT0657,Germany,Low,0,Technology,11886.9,5,82,12.08,4,0.453,0,0,0,0
CLT0658,Panama,High,0,Energy,21309.82,22,71,25.01,11,0.522,3,0,1,2
CLT0659,Panama,High,0,Legal,9122.98,16,93,8.17,2,0.397,0,0,0,1
CLT0660,Cayman Islands,High,0,Legal,6592.16,13,31,17.72,2,0.364,0,0,1,0
CLT0661,France,Low,1,Trading,45244.76,22,64,58.91,5,0.675,0,0,1,1
CLT0662,UK,Low,0,Trading,23708.44,25,25,79.03,7,0.18,0,1,1,0
CLT0663,Switzerland,Low,0,Real Estate,841156.83,20,38,1844.64,10,0.254,1,2,1,2
CLT0664,Cayman Islands,High,0,Construction,39172.5,18,14,233.17,10,0.365,2,1,1,2
CLT0665,UAE,Medium,0,Energy,414196.3,11,8,4314.54,9,0.039,0,0,1,0
CLT0666,Switzerland,Low,0,Technology,255763.82,27,91,234.22,13,0.195,1,1,1,0
CLT0667,Singapore,Medium,0,Finance,43764.08,9,54,67.54,7,0.028,0,1,1,1
CLT0668,Russia,High,0,Technology,1418631.7,16,2,59109.65,5,0.073,0,2,0,2
CLT0669,UAE,Medium,0,Real Estate,89572.26,2,81,92.15,10,0.119,0,0,0,2
CLT0670,UAE,Medium,0,Healthcare,579264.17,26,78,618.87,10,0.164,0,1,0,1
CLT0671,Cayman Islands,High,0,Construction,486452.89,25,89,455.48,10,0.236,0,0,1,1
CLT0672,Luxembourg,Low,0,Finance,111521.42,2,56,165.95,6,0.233,1,0,1,1
CLT0673,France,Low,0,Retail,184738.44,12,94,163.78,11,0.221,0,2,1,0
CLT0674,Luxembourg,Low,0,Healthcare,152681.16,8,93,136.81,12,0.373,0,0,1,0
CLT0675,Cayman Islands,High,0,Trading,10760.18,9,84,10.67,3,0.178,0,0,1,0
CLT0676,Singapore,Medium,0,Legal,65247.01,12,85,63.97,5,0.218,1,1,0,2
CLT0677,USA,Low,1,Retail,299949.93,26,61,409.77,8,0.316,0,0,1,0
CLT0678,China,Medium,0,Technology,590827.56,9,22,2237.98,1,0.154,0,1,0,1
CLT0679,China,Medium,0,Technology,20313.49,10,35,48.37,12,0.132,0,1,0,1
CLT0680,France,Low,0,Trading,132355.53,25,16,689.35,1,0.173,1,0,1,0
CLT0681,Singapore,Medium,0,Real Estate,75079.69,2,50,125.13,7,0.562,0,0,1,1
CLT0682,France,Low,0,Energy,50170.82,16,43,97.23,14,0.295,1,1,1,2
CLT0683,Germany,Low,0,Retail,102130.22,20,17,500.64,5,0.12,0,0,1,0
CLT0684,Luxembourg,Low,0,Retail,83033.23,7,80,86.49,14,0.074,1,2,1,1
CLT0685,China,Medium,0,Mining,134876.03,28,58,193.79,5,0.353,0,1,1,1
CLT0686,UAE,Medium,0,Healthcare,520515.6,2,2,21688.15,1,0.19,0,0,1,0
CLT0687,Luxembourg,Low,0,Construction,194112.15,1,4,4044.0,9,0.429,0,0,1,1
CLT0688,UK,Low,0,Healthcare,95405.06,19,85,93.53,1,0.504,0,2,1,0
CLT0689,Russia,High,0,Energy,981598.44,28,39,2097.43,5,0.263,0,0,1,0
CLT0690,Singapore,Medium,0,Technology,316441.73,4,98,269.08,10,0.218,2,0,1,2
CLT0691,Switzerland,Low,0,Technology,52125.12,24,94,46.21,9,0.269,3,1,1,2
CLT0692,France,Low,0,Technology,9646.2,22,6,133.98,14,0.106,1,1,1,1
CLT0693,Luxembourg,Low,1,Mining,13605.83,27,81,14.0,4,0.187,0,1,1,1
CLT0694,Russia,High,0,Technology,242764.88,2,89,227.31,13,0.155,0,0,1,2
CLT0695,Luxembourg,Low,0,Energy,23260.95,25,69,28.09,8,0.099,0,1,1,0
CLT0696,Switzerland,Low,0,Trading,13199.27,14,69,15.94,6,0.089,0,1,1,0
CLT0697,Russia,High,0,Construction,19203.96,2,20,80.02,11,0.501,2,1,1,2
CLT0698,UK,Low,0,Energy,21352.49,29,64,27.8,3,0.115,0,2,0,0
CLT0699,Switzerland,Low,0,Construction,214479.94,15,16,1117.08,4,0.514,3,0,1,1
CLT0700,Cayman Islands,High,0,Energy,47329.4,12,51,77.34,2,0.288,0,1,1,1
CLT0701,Panama,High,0,Technology,7642.18,5,37,17.21,1,0.3,1,2,1,1
CLT0702,Cayman Islands,High,0,Trading,62728.26,28,73,71.61,13,0.155,0,0,1,1
CLT0703,China,Medium,0,Retail,83566.6,20,69,100.93,14,0.268,2,0,1,2
CLT0704,Luxembourg,Low,0,Healthcare,29172.88,29,42,57.88,8,0.578,0,1,0,0
CLT0705,Panama,High,0,Legal,339024.49,7,57,495.65,1,0.611,0,0,0,1
CLT0706,Cayman Islands,High,0,Trading,31843.6,24,66,40.21,14,0.173,1,0,1,2
CLT0707,Panama,High,0,Retail,315687.01,21,9,2923.03,13,0.118,0,0,1,1
CLT0708,USA,Low,0,Real Estate,146557.65,10,86,142.01,11,0.264,0,0,0,1
CLT0709,Luxembourg,Low,0,Energy,240363.65,14,64,312.97,1,0.444,0,0,0,0
CLT0710,Panama,High,0,Real Estate,11523.85,14,86,11.17,4,0.489,0,0,0,1
CLT0711,UAE,Medium,0,Retail,69387.73,5,22,262.83,10,0.571,0,2,1,2
CLT0712,France,Low,0,Trading,55312.71,18,34,135.57,12,0.352,0,1,0,1
CLT0713,France,Low,0,Energy,7093.9,24,55,10.75,10,0.078,0,1,0,1
CLT0714,UAE,Medium,0,Legal,314139.08,14,29,902.7,6,0.341,0,0,1,1
CLT0715,Russia,High,0,Technology,17569.13,2,38,38.53,9,0.147,0,1,1,1
CLT0716,Germany,Low,0,Energy,23996.14,26,97,20.62,1,0.353,0,1,1,0
CLT0717,Russia,High,0,Energy,13095.53,12,18,60.63,7,0.03,2,1,1,2
CLT0718,Switzerland,Low,1,Trading,171404.15,22,71,201.18,10,0.119,2,0,1,2
CLT0719,Switzerland,Low,0,Trading,6069.95,24,65,7.78,11,0.289,0,0,1,0
CLT0720,Panama,High,0,Retail,151268.58,6,97,129.96,5,0.203,0,1,1,1
CLT0721,Cayman Islands,High,0,Finance,286866.14,4,1,23905.51,12,0.342,0,1,0,2
CLT0722,Cayman Islands,High,0,Energy,134023.13,13,88,126.92,8,0.459,1,1,1,2
CLT0723,France,Low,0,Healthcare,174371.39,4,4,3632.74,14,0.453,0,0,1,0
CLT0724,Singapore,Medium,0,Energy,187085.26,22,4,3897.61,7,0.445,0,0,0,0
CLT0725,Russia,High,1,Retail,14412.68,14,82,14.65,4,0.062,0,1,1,1
CLT0726,USA,Low,0,Construction,515092.86,16,27,1589.79,4,0.225,0,0,1,0
CLT0727,Luxembourg,Low,0,Real Estate,30028.0,29,43,58.19,6,0.226,0,1,1,0
CLT0728,China,Medium,0,Technology,54199.05,4,59,76.55,6,0.37,0,2,1,1
CLT0729,UK,Low,0,Finance,36353.44,24,32,94.67,9,0.382,0,1,0,1
CLT0730,Cayman Islands,High,0,Legal,125155.62,25,33,316.05,12,0.262,0,0,1,1
CLT0731,Luxembourg,Low,0,Legal,26714.03,1,28,79.51,5,0.087,0,0,1,0
CLT0732,UK,Low,0,Legal,66195.89,13,55,100.3,8,0.169,2,1,1,1
CLT0733,Luxembourg,Low,1,Trading,9386.09,4,60,13.04,5,0.491,0,1,1,1
CLT0734,Panama,High,0,Legal,343519.04,20,70,408.95,2,0.257,0,0,0,0
CLT0735,UK,Low,0,Technology,163752.5,18,62,220.1,6,0.397,0,0,1,0
CLT0736,China,Medium,0,Real Estate,38623.28,6,80,40.23,9,0.223,0,0,1,1
CLT0737,Luxembourg,Low,0,Legal,29622.11,3,34,72.6,13,0.384,0,1,0,1
CLT0738,UAE,Medium,0,Energy,157462.46,23,87,150.83,3,0.67,0,1,1,0
CLT0739,China,Medium,0,Energy,20724.25,13,88,19.63,1,0.625,1,2,1,1
CLT0740,UK,Low,0,Trading,72261.59,27,56,107.53,1,0.077,0,0,1,0
CLT0741,China,Medium,0,Technology,341840.04,16,13,2191.28,13,0.28,0,1,0,2
CLT0742,Luxembourg,Low,0,Real Estate,17731.79,27,56,26.39,3,0.361,0,0,1,0
CLT0743,Germany,Low,1,Finance,104078.56,5,18,481.85,10,0.162,0,0,1,1
CLT0744,Luxembourg,Low,0,Retail,96142.61,4,54,148.37,5,0.054,2,1,1,1
CLT0745,Luxembourg,Low,0,Real Estate,51740.43,21,77,56.0,3,0.129,0,0,0,0
CLT0746,Panama,High,0,Retail,28122.23,8,43,54.5,9,0.319,0,0,1,0
CLT0747,Russia,High,1,Construction,370346.96,19,39,791.34,8,0.462,1,1,1,2
CLT0748,UAE,Medium,0,Retail,24431.95,14,61,33.38,3,0.478,1,0,0,1
CLT0749,USA,Low,0,Healthcare,3951.86,7,42,7.84,9,0.431,0,0,1,0
CLT0750,Cayman Islands,High,0,Energy,156498.29,14,81,161.01,13,0.52,0,0,1,2
CLT0751,Switzerland,Low,0,Technology,9877.8,6,79,10.42,6,0.131,0,0,0,0
CLT0752,Russia,High,0,Mining,169028.35,12,18,782.54,13,0.25,0,2,1,2
CLT0753,Switzerland,Low,0,Trading,443456.45,16,23,1606.73,7,0.06,1,0,1,1
CLT0754,Panama,High,0,Healthcare,153987.21,17,54,237.63,4,0.382,0,1,1,1
CLT0755,UAE,Medium,0,Retail,298676.69,13,30,829.66,4,0.065,0,0,1,0
CLT0756,Luxembourg,Low,0,Legal,1239320.32,23,98,1053.84,12,0.436,0,0,0,1
CLT0757,France,Low,0,Technology,255286.24,14,58,366.79,13,0.292,0,0,1,0
CLT0758,Cayman Islands,High,0,Healthcare,98307.94,29,68,120.48,2,0.431,0,1,1,0
CLT0759,Germany,Low,0,Trading,694482.52,7,67,863.78,5,0.276,3,0,0,2
CLT0760,France,Low,0,Energy,832479.03,14,71,977.09,8,0.513,0,1,1,0
CLT0761,Panama,High,0,Technology,850141.15,15,18,3935.84,7,0.4,0,0,0,1
CLT0762,Russia,High,0,Trading,28617.82,12,7,340.69,7,0.181,3,2,1,2
CLT0763,Germany,Low,1,Construction,7855.53,17,40,16.37,6,0.238,0,1,1,0
CLT0764,China,Medium,0,Construction,26113.61,9,70,31.09,3,0.218,1,1,1,1
CLT0765,UK,Low,0,Trading,172036.58,22,86,166.7,5,0.027,0,1,0,0
CLT0766,Germany,Low,0,Healthcare,76018.99,15,65,97.46,13,0.345,0,1,1,0
CLT0767,USA,Low,0,Technology,43926.74,12,68,53.83,1,0.215,0,1,1,0
CLT0768,Panama,High,0,Healthcare,138790.67,2,49,236.04,7,0.151,1,0,1,1
CLT0769,Singapore,Medium,0,Finance,6593.19,5,52,10.57,9,0.359,0,0,1,1
CLT0770,UK,Low,0,Retail,73995.08,13,29,212.63,1,0.24,0,1,0,0
CLT0771,Switzerland,Low,0,Finance,320515.68,27,21,1271.89,13,0.237,1,0,1,0
CLT0772,Cayman Islands,High,1,Construction,136485.47,20,90,126.38,2,0.041,0,0,1,1
CLT0773,Switzerland,Low,0,Energy,169010.27,23,78,180.57,3,0.118,0,0,1,0
CLT0774,Germany,Low,0,Real Estate,657407.39,8,9,6087.11,3,0.019,0,0,1,0
CLT0775,Switzerland,Low,0,Retail,54218.91,27,47,96.13,8,0.197,0,1,1,0
CLT0776,USA,Low,0,Construction,22479.58,14,76,24.65,7,0.361,0,0,0,0
CLT0777,Panama,High,0,Healthcare,356565.26,15,42,707.47,6,0.347,0,2,1,1
CLT0778,China,Medium,0,Healthcare,346861.54,11,51,566.77,10,0.126,3,2,1,2
CLT0779,Russia,High,1,Healthcare,138335.55,1,56,205.86,10,0.19,1,2,1,2
CLT0780,Cayman Islands,High,0,Energy,47072.46,21,51,76.92,11,0.128,0,0,1,1
CLT0781,USA,Low,0,Finance,59998.18,3,70,71.43,4,0.165,2,0,1,1
CLT0782,USA,Low,1,Real Estate,8820.56,17,20,36.75,9,0.332,0,2,0,2
CLT0783,Switzerland,Low,0,Healthcare,317877.0,28,88,301.02,1,0.559,0,2,1,0
CLT0784,Switzerland,Low,0,Mining,301485.43,19,27,930.51,11,0.215,0,1,1,0
CLT0785,Germany,Low,0,Retail,8370.56,14,38,18.36,2,0.407,0,0,1,0
CLT0786,Russia,High,0,Technology,220014.37,22,72,254.65,14,0.171,1,0,1,2
CLT0787,France,Low,1,Mining,109771.09,30,65,140.73,4,0.287,0,1,0,1
CLT0788,Switzerland,Low,0,Real Estate,12926.55,23,54,19.95,3,0.61,0,0,1,0
CLT0789,Panama,High,0,Energy,9808.45,8,24,34.06,1,0.134,0,1,1,0
CLT0790,Singapore,Medium,0,Real Estate,104845.16,13,47,185.9,5,0.022,0,1,1,1
CLT0791,Cayman Islands,High,1,Technology,32972.98,27,71,38.7,7,0.317,0,1,1,1
CLT0792,Luxembourg,Low,0,Retail,917973.02,20,83,921.66,2,0.223,0,0,1,0
CLT0793,Switzerland,Low,1,Technology,249920.36,3,86,242.17,5,0.504,0,0,0,1
CLT0794,Panama,High,0,Trading,121849.23,5,63,161.18,6,0.539,1,2,1,2
CLT0795,Panama,High,0,Retail,131218.42,9,57,191.84,11,0.118,0,1,1,1
CLT0796,Cayman Islands,High,0,Real Estate,440779.83,29,55,667.85,7,0.197,0,1,1,1
CLT0797,France,Low,0,Healthcare,213155.48,6,60,296.05,1,0.686,0,1,1,0
CLT0798,Panama,High,0,Real Estate,126709.16,25,99,106.66,7,0.145,1,1,1,2
CLT0799,Singapore,Medium,0,Real Estate,13761.2,22,62,18.5,4,0.057,0,1,1,1
CLT0800,Panama,High,0,Retail,5914517.31,2,30,16429.21,8,0.16,1,0,0,2
CLT0801,Panama,High,1,Trading,11444.06,13,93,10.25,13,0.196,3,0,1,2
CLT0802,Panama,High,1,Real Estate,37465.88,5,22,141.92,4,0.532,3,0,0,2
CLT0803,China,Medium,0,Mining,5003.57,28,75,5.56,6,0.376,1,0,1,1
CLT0804,China,Medium,0,Construction,134349.14,27,84,133.28,9,0.31,1,0,1,0
CLT0805,France,Low,0,Legal,75106.75,25,29,215.82,5,0.24,0,0,1,0
CLT0806,Switzerland,Low,0,Legal,188700.17,8,41,383.54,14,0.16,1,1,1,2
CLT0807,Panama,High,0,Real Estate,4408.99,23,42,8.75,12,0.084,0,0,1,1
CLT0808,Russia,High,0,Mining,317857.52,1,98,270.29,4,0.402,3,0,1,2
CLT0809,Switzerland,Low,1,Healthcare,17833.73,20,65,22.86,8,0.012,0,0,1,0
CLT0810,France,Low,0,Energy,47881.87,12,31,128.71,13,0.187,0,1,1,1
CLT0811,UAE,Medium,1,Energy,242160.72,23,30,672.67,9,0.291,0,0,1,1
CLT0812,Switzerland,Low,1,Retail,88601.14,11,18,410.19,4,0.461,0,0,1,0
CLT0813,Switzerland,Low,0,Legal,98510.05,7,17,482.89,3,0.103,0,0,1,0
CLT0814,UK,Low,1,Real Estate,198544.44,15,38,435.4,8,0.693,0,1,0,2
CLT0815,Germany,Low,0,Energy,113912.51,22,14,678.05,14,0.118,1,2,1,2
CLT0816,Luxembourg,Low,0,Real Estate,35894.46,24,87,34.38,5,0.444,0,2,0,1
CLT0817,UK,Low,0,Retail,46643.85,11,89,43.67,2,0.231,0,0,1,0
CLT0818,Singapore,Medium,0,Legal,82274.63,29,79,86.79,10,0.252,1,1,0,2
CLT0819,China,Medium,0,Technology,15625.6,22,56,23.25,9,0.523,0,0,0,1
CLT0820,China,Medium,0,Construction,266735.55,26,22,1010.36,3,0.324,0,0,1,0
CLT0821,Germany,Low,0,Construction,92316.75,16,67,114.82,12,0.102,0,0,1,0
CLT0822,Cayman Islands,High,0,Energy,66981.01,3,56,99.67,2,0.48,1,0,1,1
CLT0823,Cayman Islands,High,0,Construction,358163.49,20,19,1570.89,1,0.422,0,1,1,1
CLT0824,France,Low,0,Technology,50002.56,14,57,73.1,14,0.23,0,0,1,0
CLT0825,USA,Low,0,Real Estate,45541.01,3,44,86.25,8,0.118,0,0,1,0
CLT0826,Germany,Low,0,Retail,28942.22,1,98,24.61,11,0.258,0,0,1,0
CLT0827,Luxembourg,Low,0,Technology,100167.65,26,35,238.49,3,0.194,0,0,1,0
CLT0828,Switzerland,Low,0,Retail,95099.14,21,1,7924.93,7,0.295,3,1,1,2
CLT0829,Cayman Islands,High,0,Retail,22039.11,15,52,35.32,1,0.732,1,1,1,1
CLT0830,Luxembourg,Low,0,Legal,45865.07,1,85,44.97,1,0.251,0,1,0,0
CLT0831,Panama,High,0,Real Estate,22261.11,17,93,19.95,12,0.249,0,0,1,2
CLT0832,USA,Low,0,Mining,20799.77,2,70,24.76,9,0.152,1,0,0,2
CLT0833,Russia,High,0,Construction,4470.04,29,37,10.07,12,0.249,0,0,1,1
CLT0834,Switzerland,Low,1,Mining,42346.23,20,65,54.29,8,0.226,0,2,1,2
CLT0835,Singapore,Medium,0,Legal,4659.58,6,51,7.61,12,0.204,0,2,1,2
CLT0836,Panama,High,1,Retail,29904.87,8,1,2492.07,13,0.308,0,1,1,2
CLT0837,Panama,High,0,Energy,23883.86,29,91,21.87,3,0.213,2,0,1,1
CLT0838,Germany,Low,0,Construction,290059.86,16,21,1151.03,6,0.304,0,0,1,0
CLT0839,USA,Low,0,Construction,13063.77,19,53,20.54,11,0.427,0,0,1,0
CLT0840,France,Low,0,Real Estate,19114.84,1,16,99.56,3,0.179,0,1,1,0
CLT0841,Singapore,Medium,0,Trading,33783.03,3,61,46.15,13,0.379,1,1,1,2
CLT0842,Cayman Islands,High,0,Finance,25078.96,28,54,38.7,12,0.732,0,1,1,2
CLT0843,Luxembourg,Low,0,Finance,466905.52,3,40,972.72,4,0.553,0,1,1,0
CLT0844,Germany,Low,0,Finance,10852.48,5,26,34.78,1,0.441,0,0,0,0
CLT0845,Cayman Islands,High,0,Trading,33890.61,27,80,35.3,5,0.483,0,0,1,1
CLT0846,Germany,Low,0,Real Estate,98528.18,12,92,89.25,1,0.295,0,0,1,0
CLT0847,Germany,Low,0,Trading,224532.34,12,65,287.86,13,0.664,0,0,1,1
CLT0848,Germany,Low,0,Finance,33848.08,20,74,38.12,1,0.155,0,0,1,0
CLT0849,USA,Low,0,Legal,3370.62,13,64,4.39,10,0.181,0,1,1,0
CLT0850,France,Low,1,Technology,47803.0,20,43,92.64,11,0.062,3,1,1,2
CLT0851,Germany,Low,0,Retail,454995.46,9,17,2230.37,11,0.173,0,0,1,0
CLT0852,UAE,Medium,1,Trading,91425.63,7,59,129.13,14,0.182,0,0,1,2
CLT0853,Russia,High,0,Real Estate,85359.48,4,23,309.27,7,0.124,0,0,0,2
CLT0854,Cayman Islands,High,0,Real Estate,12154.72,19,7,144.7,12,0.272,0,1,1,2
CLT0855,Switzerland,Low,0,Mining,10420.11,22,44,19.74,6,0.357,0,0,1,0
CLT0856,UK,Low,0,Technology,61516.61,19,53,96.72,2,0.394,2,0,0,1
CLT0857,Luxembourg,Low,0,Energy,7047.52,6,71,8.27,14,0.313,1,1,0,2
CLT0858,Singapore,Medium,0,Construction,193308.63,27,79,203.91,11,0.559,0,0,1,0
CLT0859,China,Medium,0,Finance,16815.07,13,34,41.21,12,0.417,0,0,1,1
CLT0860,France,Low,0,Energy,57700.09,11,46,104.53,2,0.446,0,1,1,0
CLT0861,Switzerland,Low,0,Mining,3538.12,13,68,4.34,11,0.041,0,1,1,1
CLT0862,Panama,High,1,Finance,33166.55,13,78,35.43,7,0.268,0,1,1,2
CLT0863,UAE,Medium,0,Technology,10109.28,28,78,10.8,1,0.285,0,0,0,0
CLT0864,China,Medium,0,Mining,1839.16,25,16,9.58,13,0.191,3,0,1,2
CLT0865,UK,Low,0,Finance,134963.97,22,71,158.41,2,0.359,0,1,1,0
CLT0866,Switzerland,Low,0,Technology,702035.54,28,96,609.41,12,0.071,0,0,1,0
CLT0867,China,Medium,0,Healthcare,325855.85,20,19,1429.19,8,0.445,2,1,0,2
CLT0868,Switzerland,Low,1,Energy,166464.28,15,2,6936.01,6,0.614,0,1,1,1
CLT0869,Luxembourg,Low,0,Energy,32170.92,21,10,268.09,14,0.298,0,2,1,1
CLT0870,UAE,Medium,0,Construction,200553.3,13,50,334.26,2,0.181,0,0,1,0
CLT0871,UK,Low,0,Technology,375412.16,22,81,386.23,7,0.689,0,0,1,0
CLT0872,Panama,High,1,Trading,73514.12,11,12,510.51,4,0.12,3,0,1,2
CLT0873,Germany,Low,0,Healthcare,10132.06,19,70,12.06,2,0.075,2,1,0,1
CLT0874,Cayman Islands,High,0,Legal,28308.67,8,22,107.23,12,0.139,2,0,0,2
CLT0875,Panama,High,0,Finance,769922.19,20,32,2005.01,6,0.353,1,0,1,1
CLT0876,Germany,Low,0,Healthcare,53523.91,8,84,53.1,11,0.328,0,0,1,0
CLT0877,USA,Low,0,Technology,408.65,10,1,34.05,9,0.27,2,0,1,1
CLT0878,USA,Low,1,Retail,6611.82,26,54,10.2,11,0.533,3,0,0,2
CLT0879,USA,Low,0,Finance,31676.39,16,58,45.51,9,0.456,0,0,1,0
CLT0880,France,Low,0,Real Estate,283151.64,19,70,337.09,14,0.253,0,1,0,2
CLT0881,Russia,High,0,Energy,39748.07,26,83,39.91,8,0.295,0,0,0,1
CLT0882,Singapore,Medium,0,Technology,291165.61,23,18,1347.99,3,0.245,0,0,1,0
CLT0883,Singapore,Medium,0,Real Estate,27194.13,11,6,377.7,3,0.401,0,1,1,1
CLT0884,USA,Low,0,Construction,3144.97,13,45,5.82,2,0.491,2,1,0,1
CLT0885,Cayman Islands,High,0,Mining,28642.83,28,97,24.61,5,0.194,2,0,0,2
CLT0886,UK,Low,0,Legal,100450.21,9,23,363.95,14,0.37,0,0,1,1
CLT0887,UAE,Medium,0,Legal,88692.05,20,23,321.35,12,0.064,0,1,1,1
CLT0888,UK,Low,0,Real Estate,9111.92,24,26,29.2,14,0.06,1,0,1,1
CLT0889,UAE,Medium,0,Energy,35355.37,19,77,38.26,4,0.281,0,0,1,0
CLT0890,UK,Low,0,Construction,3358521.34,16,7,39982.4,7,0.424,0,0,1,0
CLT0891,Russia,High,0,Retail,9415.35,7,79,9.93,4,0.072,1,0,0,1
CLT0892,France,Low,0,Energy,161310.3,19,44,305.51,9,0.204,2,0,0,1
CLT0893,France,Low,1,Healthcare,2578.56,12,27,7.96,12,0.341,2,1,1,2
CLT0894,USA,Low,0,Legal,218750.64,15,26,701.12,12,0.525,0,1,0,1
CLT0895,Germany,Low,0,Healthcare,15701.51,23,97,13.49,2,0.485,0,0,1,0
CLT0896,China,Medium,0,Finance,109440.07,14,79,115.44,11,0.201,2,0,1,2
CLT0897,France,Low,0,Trading,8627.51,11,36,19.97,14,0.299,0,1,1,1
CLT0898,France,Low,0,Technology,92621.74,26,55,140.34,6,0.307,1,0,1,0
CLT0899,Panama,High,1,Construction,15321.69,10,64,19.95,7,0.083,0,0,1,2
CLT0900,Panama,High,0,Energy,20484.58,27,91,18.76,4,0.082,0,1,0,1
CLT0901,Germany,Low,0,Legal,116189.65,11,57,169.87,13,0.704,0,1,1,1
CLT0902,Luxembourg,Low,0,Healthcare,31395.56,6,69,37.92,6,0.075,0,0,0,0
CLT0903,China,Medium,0,Mining,105934.07,2,61,144.72,7,0.407,2,1,1,2
CLT0904,Cayman Islands,High,0,Finance,44969.42,11,2,1873.73,4,0.152,0,0,1,1
CLT0905,Panama,High,0,Technology,66253.3,19,55,100.38,8,0.479,2,0,0,2
CLT0906,Cayman Islands,High,0,Technology,116731.27,6,97,100.28,9,0.189,2,0,1,2
CLT0907,Switzerland,Low,1,Energy,35417.89,14,80,36.89,1,0.314,0,1,0,1
CLT0908,Panama,High,0,Construction,13439.12,20,87,12.87,7,0.313,1,1,1,2
CLT0909,Russia,High,0,Retail,26944.42,6,38,59.09,9,0.122,0,1,1,1
CLT0910,Luxembourg,Low,0,Mining,359586.04,17,80,374.57,12,0.028,1,0,0,2
CLT0911,China,Medium,0,Energy,71272.06,10,78,76.15,10,0.298,0,0,0,1
CLT0912,Germany,Low,0,Healthcare,16859.21,28,29,48.45,5,0.398,0,0,1,0
CLT0913,Switzerland,Low,0,Trading,109353.49,1,26,350.49,12,0.56,0,0,1,1
CLT0914,China,Medium,0,Real Estate,120870.3,3,35,287.79,2,0.034,0,0,0,1
CLT0915,USA,Low,0,Retail,130613.6,8,79,137.78,10,0.207,2,2,1,2
CLT0916,Russia,High,0,Construction,13811.33,8,67,17.18,6,0.127,0,1,1,1
CLT0917,China,Medium,0,Finance,21513.02,27,87,20.61,12,0.319,0,0,0,1
CLT0918,Russia,High,0,Retail,21693.24,20,29,62.34,12,0.554,0,0,1,1
CLT0919,Russia,High,0,Legal,34857.66,22,34,85.44,7,0.181,1,0,1,1
CLT0920,Cayman Islands,High,0,Construction,134373.54,15,97,115.44,2,0.065,0,1,1,1
CLT0921,UK,Low,0,Trading,93365.5,24,41,189.77,2,0.363,0,1,1,0
CLT0922,USA,Low,0,Legal,105116.59,7,41,213.65,10,0.479,0,1,0,1
CLT0923,Switzerland,Low,0,Retail,456356.1,11,23,1653.46,14,0.627,0,0,1,1
CLT0924,China,Medium,0,Real Estate,168271.9,7,71,197.5,12,0.068,1,0,1,2
CLT0925,UAE,Medium,0,Real Estate,48402.06,29,3,1344.5,10,0.15,1,2,0,2
CLT0926,Switzerland,Low,0,Trading,10139.28,4,58,14.57,1,0.046,1,2,0,2
CLT0927,UK,Low,0,Technology,20499.99,25,32,53.39,4,0.819,0,0,1,0
CLT0928,Switzerland,Low,0,Mining,40434.65,12,31,108.7,7,0.612,2,0,1,2
CLT0929,France,Low,0,Finance,207667.75,26,82,211.04,14,0.242,0,0,1,0
CLT0930,UAE,Medium,1,Technology,57469.07,6,43,111.37,9,0.299,2,1,1,2
CLT0931,UK,Low,0,Real Estate,22375.15,14,7,266.37,3,0.357,0,1,1,0
CLT0932,Cayman Islands,High,0,Real Estate,19943.54,12,1,1661.96,12,0.279,0,1,1,2
CLT0933,China,Medium,0,Healthcare,53940.27,11,61,73.69,11,0.106,0,0,0,1
CLT0934,Luxembourg,Low,0,Legal,227517.25,19,14,1354.27,7,0.19,0,0,0,0
CLT0935,Singapore,Medium,0,Retail,651171.91,21,52,1043.54,7,0.057,0,0,1,0
CLT0936,UK,Low,0,Finance,43973.7,5,96,38.17,7,0.303,2,2,1,2
CLT0937,Germany,Low,0,Trading,55987.58,14,6,777.61,2,0.319,0,0,1,0
CLT0938,China,Medium,0,Retail,9692.3,21,10,80.77,6,0.29,3,1,1,2
CLT0939,USA,Low,0,Healthcare,1097767.2,24,71,1288.46,2,0.547,0,0,1,0
CLT0940,UK,Low,0,Real Estate,7320.95,16,90,6.78,6,0.172,0,2,0,1
CLT0941,France,Low,0,Trading,347143.48,25,98,295.19,13,0.22,2,1,1,2
CLT0942,Singapore,Medium,0,Real Estate,34613.4,13,30,96.15,10,0.172,0,0,1,0
CLT0943,France,Low,0,Finance,24366.15,25,21,96.69,3,0.545,0,1,0,0
CLT0944,Singapore,Medium,0,Legal,11327.57,29,60,15.73,14,0.409,2,0,1,2
CLT0945,USA,Low,0,Retail,2224567.28,22,81,2288.65,2,0.053,0,0,1,0
CLT0946,Luxembourg,Low,0,Retail,83469.57,22,97,71.71,12,0.172,0,0,1,0
CLT0947,Germany,Low,0,Technology,61816.19,25,74,69.61,14,0.213,2,2,1,2
CLT0948,China,Medium,0,Trading,226409.04,20,63,299.48,6,0.24,0,2,0,2
CLT0949,Cayman Islands,High,0,Mining,22555.88,22,42,44.75,2,0.382,2,0,1,2
CLT0950,France,Low,0,Healthcare,60040.16,4,51,98.1,5,0.488,0,1,1,0
CLT0951,France,Low,0,Mining,65153.7,11,64,84.84,2,0.495,0,1,1,0
CLT0952,Russia,High,0,Technology,27771.94,17,76,30.45,3,0.177,0,1,1,0
CLT0953,Singapore,Medium,1,Finance,362020.86,7,56,538.72,3,0.11,1,0,1,2
CLT0954,Panama,High,0,Healthcare,43131.91,14,80,44.93,6,0.055,0,0,0,1
CLT0955,Luxembourg,Low,0,Legal,5827.26,26,41,11.84,6,0.129,1,1,1,0
CLT0956,China,Medium,0,Mining,38091.79,11,32,99.2,10,0.247,0,0,1,1
CLT0957,Singapore,Medium,0,Legal,87009.1,28,15,483.38,3,0.291,0,0,1,0
CLT0958,Russia,High,1,Mining,15674.02,22,62,21.07,3,0.333,1,1,0,2
CLT0959,Switzerland,Low,0,Legal,17643.24,9,27,54.45,13,0.122,0,0,1,0
CLT0960,Singapore,Medium,0,Mining,26386.6,23,28,78.53,12,0.219,0,2,1,1
CLT0961,Cayman Islands,High,0,Legal,373941.07,13,81,384.71,13,0.317,0,0,1,2
CLT0962,China,Medium,0,Technology,28832.63,23,64,37.54,1,0.375,0,2,1,0
CLT0963,Luxembourg,Low,0,Construction,510770.44,18,59,721.43,7,0.104,0,0,1,0
CLT0964,Russia,High,0,Healthcare,23803.18,28,58,34.2,13,0.495,0,0,1,1
CLT0965,Switzerland,Low,0,Trading,97491.57,11,2,4062.15,8,0.142,0,0,1,0
CLT0966,UAE,Medium,0,Finance,30657.6,15,36,70.97,2,0.226,0,1,1,0
CLT0967,Russia,High,1,Energy,185558.37,25,71,217.79,4,0.108,0,1,1,1
CLT0968,UAE,Medium,0,Real Estate,11187.91,26,13,71.72,10,0.347,0,0,1,1
CLT0969,China,Medium,0,Trading,182460.54,25,15,1013.67,7,0.055,3,0,1,2
CLT0970,France,Low,0,Real Estate,71026.2,22,89,66.5,8,0.465,2,1,1,2
CLT0971,Russia,High,1,Healthcare,22925.66,29,87,21.96,1,0.486,0,0,1,1
CLT0972,Germany,Low,0,Trading,46661.18,19,60,64.81,4,0.179,0,1,1,0
CLT0973,UAE,Medium,0,Legal,597663.05,1,22,2263.88,6,0.308,2,0,0,2
CLT0974,Cayman Islands,High,0,Legal,73626.98,4,63,97.39,3,0.409,0,1,1,1
CLT0975,Germany,Low,0,Energy,20866.66,14,90,19.32,5,0.303,0,1,0,1
CLT0976,UK,Low,0,Real Estate,9827.7,14,97,8.44,10,0.266,0,2,1,1
CLT0977,UK,Low,0,Finance,127785.25,3,75,141.98,9,0.404,1,1,0,2
CLT0978,Switzerland,Low,0,Healthcare,80319.51,30,74,90.45,11,0.315,0,0,1,0
CLT0979,Luxembourg,Low,0,Legal,169826.23,28,25,566.09,13,0.681,1,0,0,1
CLT0980,France,Low,1,Construction,6678.59,17,48,11.59,3,0.082,1,1,1,0
CLT0981,China,Medium,0,Technology,10317.63,3,43,20.0,5,0.421,0,0,1,0
CLT0982,Russia,High,0,Technology,334475.46,16,38,733.5,8,0.37,2,1,1,2
CLT0983,Panama,High,0,Mining,98421.29,14,41,200.04,6,0.421,0,1,0,2
CLT0984,Cayman Islands,High,0,Finance,133265.85,30,45,246.79,4,0.344,0,0,1,1
CLT0985,UAE,Medium,0,Technology,14128.78,20,88,13.38,8,0.344,0,0,1,0
CLT0986,China,Medium,0,Mining,13746.22,29,40,28.64,11,0.286,0,0,1,0
CLT0987,Germany,Low,0,Real Estate,264841.81,13,97,227.53,3,0.311,0,0,0,0
CLT0988,USA,Low,0,Legal,284237.8,15,17,1393.32,3,0.344,0,0,1,0
CLT0989,UK,Low,0,Legal,11702.07,14,88,11.08,4,0.229,0,0,1,0
CLT0990,USA,Low,0,Construction,8786.26,24,57,12.85,9,0.083,0,0,0,0
CLT0991,Cayman Islands,High,0,Trading,50874.17,25,2,2119.76,5,0.488,0,0,0,1
CLT0992,Panama,High,0,Technology,18051.38,19,96,15.67,8,0.254,1,0,1,1
CLT0993,Russia,High,0,Real Estate,17496.12,6,62,23.52,6,0.297,0,0,1,1
CLT0994,Switzerland,Low,1,Retail,9163.03,10,88,8.68,3,0.083,0,0,0,0
CLT0995,Panama,High,1,Technology,29653.91,27,9,274.57,8,0.288,0,1,1,2
CLT0996,Cayman Islands,High,0,Finance,10593.1,15,68,12.98,12,0.114,0,0,0,1
CLT0997,Panama,High,0,Trading,11578.42,21,81,11.91,9,0.151,0,0,1,1
CLT0998,Cayman Islands,High,0,Technology,93675.11,22,17,459.19,8,0.488,0,1,1,1
CLT0999,Cayman Islands,High,0,Real Estate,55116.4,20,50,91.86,13,0.107,0,2,1,2
CLT1000,Singapore,Medium,0,Technology,123910.9,26,94,109.85,4,0.304,0,0,1,0
